carpetArea,areaUnit,price,status,latitude,longitude,locality,propertyName,floors,bedRoom
396.5,sq.ft.,price on req,Ready To Move,19.186546,73.068871,Dombivli East,Marathon Nexworld,29,1
622.5,sq.ft.,price on req,Ready To Move,19.186546,73.068871,Dombivli East,Marathon Nexworld,29,2
217.19,sq.ft.,1954028,Ready To Move,19.186546,73.068871,Dombivli East,Marathon Nexworld,29,0
473.5,sq.ft.,4948415,Ready To Move,19.207707,73.111643,Dombivli East,Regency Anantam,23,1
689,sq.ft.,7800834.5,Ready To Move,19.207707,73.111643,Dombivli East,Regency Anantam,23,2
598,sq.ft.,9015956,Under Construction,19.209036,73.10731,Dombivli East,Lodha Codename Premier,7,2
759,sq.ft.,14121195,Under Construction,19.209036,73.10731,Dombivli East,Lodha Codename Premier,7,3
475,sq.ft.,1757500,Ready To Move,19.207454,73.099763,Dombivli East,Sundaram Shanidas Pride,7,1
675,sq.ft.,2497500,Ready To Move,19.207454,73.099763,Dombivli East,Sundaram Shanidas Pride,15,2
340,sq.ft.,1258000,Ready To Move,19.207454,73.099763,Dombivli East,Sundaram Shanidas Pride,15,0
652.08,sq.ft.,4830000,New Launch,19.688721,73.637107,thakurli,Balaji Govind,23,2
430,sq.ft.,4688000,New Launch,19.940118,73.18639,Dombivli East,Balaji Vasant,23,1
562.52,sq.ft.,6113000,New Launch,19.940118,73.18639,Dombivli East,Balaji Vasant,23,2
453.215,sq.ft.,3527044,New Launch,19.18939,73.08482,Dombivli East,Venus Skky City,23,1
574.745,sq.ft.,5745000,New Launch,19.18939,73.08482,Dombivli East,Venus Skky City,23,2
409.285,sq.ft.,4501367.5,Under Construction,19.182469,73.089484,Bhadra Nagar,Runwal Gardens,23,1
384,sq.ft.,price on req,Ready To Move,19.16697,73.072915,Dombivli East,Lodha Casa Bella Gold,18,1
524,sq.ft.,price on req,Ready To Move,19.16697,73.072915,Dombivli East,Lodha Casa Bella Gold,25,2
704,sq.ft.,price on req,Ready To Move,19.16697,73.072915,Dombivli East,Lodha Casa Bella Gold,25,3
398,sq.ft.,4200000,Ready to move,19.1569238,73.1138122,Dombivli East,Lodha Palava Downtown,25,1
432.745,sq.ft.,4898495,New Launch,19.186344,73.091203,Dombivli East,Paradise Sai World Dreams,32,1
692.925,sq.ft.,8157969,New Launch,19.186344,73.091203,Dombivli East,Paradise Sai World Dreams,32,2
1069,sq.ft.,11016045,New Launch,19.186344,73.091203,Dombivli East,Paradise Sai World Dreams,32,3
406.85,sq.ft.,4741049,Ready To Move,19.179273,73.075743,Dombivli East,Runwal My City,4,1
580.265,sq.ft.,6803589,Ready To Move,19.179273,73.075743,Dombivli East,Runwal My City,18,2
760.97,sq.ft.,9546755.5,Ready To Move,19.179273,73.075743,Dombivli East,Runwal My City,14,3
440,sq.ft.,3200000,Ready to move,19.211541,73.102635,Dombivli East,Om Sudama Gold,4,1
734,sq.ft.,6900000,Ready to move,19.20697,73.096559,Dombivli East,Lodha Palava Lakeshore Green,7,2
470.49,sq.ft.,4363752,Under Construction,19.18863,73.08415,Dombivli East,Lodha Panacea,21,1
616.505,sq.ft.,6254338.5,Under Construction,19.18863,73.08415,Dombivli East,Lodha Panacea,14,2
1196,sq.ft.,12000000,Under Construction,19.16584,73.1142,Dombivli East,Lodha Serenity,14,3
2458,sq.ft.,25550000,Under Construction,19.16584,73.1142,Dombivli East,Lodha Serenity,14,4
490,sq.ft.,5831033.5,Ready To Move,19.168341,73.073962,Dombivli East,Lodha Palava City,14,1
703,sq.ft.,7641624.5,Ready To Move,19.168341,73.073962,Dombivli East,Lodha Palava City,16,2
917.5,sq.ft.,9796430,Ready To Move,19.168341,73.073962,Dombivli East,Lodha Palava City,7,3
723,sq.ft.,6000000,Ready to move,19.168341,73.073962,Dombivli East,Lodha Palava City,14,2
441,sq.ft.,price on req,Under Construction,19.15406,73.11648,Dombivli East,Lodha Casa Marvella,18,1
585,sq.ft.,price on req,Under Construction,19.15406,73.11648,Dombivli East,Lodha Casa Marvella,18,2
675,sq.ft.,price on req,Under Construction,19.15406,73.11648,Dombivli East,Lodha Casa Marvella,18,3
778.5,sq.ft.,5233077,Ready To Move,19.17099,73.113277,Dombivli East,Lodha Lakeshore Greens,14,1
1026,sq.ft.,6035958,Ready To Move,19.17099,73.113277,Dombivli East,Lodha Lakeshore Greens,14,2
1345.5,sq.ft.,price on req,Ready To Move,19.17099,73.113277,Dombivli East,Lodha Lakeshore Greens,14,3
433,sq.ft.,price on req,Under Construction,19.191937,73.092229,Dombivli East,Mahaavir Pride,16,1
635,sq.ft.,price on req,Under Construction,19.191937,73.092229,Dombivli East,Mahaavir Pride,19,2
917,sq.ft.,price on req,Under Construction,19.191937,73.092229,Dombivli East,Mahaavir Pride,18,3
829,sq.ft.,7000000,Ready to move,19.170611,73.111267,Dombivli East,Lodha Palava Lakeshore Green,16,2
659,sq.ft.,5800000,Ready to move,19.168341,73.073962,Dombivli East,Lodha Palava City,4,2
734,sq.ft.,5700000,Ready to move,19.20697,73.096559,Dombivli East,"Casa Lagoona, Lakeshore Greens, Palava City ",5,2
1300,sq.ft.,26000000,Ready to move,19.2166346,73.0952394,Dombivli East,mahaveer heights,17,3
1180,sq.ft.,13000000,Ready to move,19.214969,73.088531,Dattanagar,Shree Shrinathji CHS,24,2
475,sq.ft.,3500000,New Launch,19.214026,73.116005,Golavli,Sunraj Supreme,32,1
470.51,sq.ft.,price on req,Under Construction,19.214026,73.116005,Golavli,Sunraj Supreme,14,2
544.41,sq.ft.,4500000,Ready to move,19.168341,73.073962,Dombivli East,Lodha Palava City,19,1
703,sq.ft.,7641624.5,Ready To Move,19.168341,73.073962,Dombivli East,Lodha Palava City,7,3
917.5,sq.ft.,9796430,Ready To Move,19.174429,73.069306,Dombivli East,Lodha Casa Bella,18,2
350,sq.ft.,2593966,Ready to move,19.17099,73.113277,Dombivli East,Lodha Lakeshore Greens,18,1
778.5,sq.ft.,5233077,Ready To Move,19.17099,73.113277,Dombivli East,Lodha Lakeshore Greens,8,2
1026,sq.ft.,6035958,Ready To Move,19.17099,73.113277,Dombivli East,Lodha Lakeshore Greens,24,3
1345.5,sq.ft.,price on req,Ready To Move,19.156712,73.113976,Dombivli East,Lodha Palava Downtown Aurelia,24,3
650,sq.ft.,5600000,Ready to move,19.159614,73.071246,Dombivli East,Siddharth Riverwood Park,18,1
460,sq.ft.,3600000,Ready to move,19.159614,73.071246,Dombivli East,Siddharth Riverwood Park,18,2
395.07,sq.ft.,14372885.5,Under Construction,19.20697,73.096559,Dombivli East,Lodha Palava Lakeshore Green,18,2
593.42,sq.ft.,16818710.5,Under Construction,19.20697,73.096559,Dombivli East,Lodha Palava Lakeshore Green,18,2
734,sq.ft.,5750000,Ready to move,19.20697,73.096559,Dombivli East,Lodha Palava Lakeshore Green,18,2
716,sq.ft.,5200000,Ready to move,19.20697,73.096559,Dombivli East,Lodha Palava Lakeshore Green,18,1
642,sq.ft.,4300000,Ready to move,19.17099,73.113277,Dombivli East,Lodha Lakeshore Greens,18,1
1345.5,sq.ft.,price on req,Ready To Move,19.16697,73.072915,Dombivli East,Lodha Casa Bella Gold,32,1
871,sq.ft.,8000000,Ready to move,19.16697,73.072915,Dombivli East,Lodha Casa Bella Gold,32,2
384,sq.ft.,price on req,Ready To Move,19.16697,73.072915,Dombivli East,Lodha Casa Bella Gold,32,3
524,sq.ft.,price on req,Ready To Move,19.179273,73.075743,Dombivli East,Runwal My City,19,1
704,sq.ft.,price on req,Ready To Move,19.179273,73.075743,Dombivli East,Runwal My City,18,2
406.85,sq.ft.,4741049,Ready To Move,19.179273,73.075743,Dombivli East,Runwal My City,18,3
580.265,sq.ft.,6803589,Ready To Move,19.1738592,73.0689877,Dombivli East,Lodha Casa Bella Majestica,18,3
528,sq.ft.,price on req,Ready To Move,19.16697,73.072915,Dombivli East,Lodha Casa Bella Gold,8,1
693,sq.ft.,price on req,Ready To Move,19.16697,73.072915,Dombivli East,Lodha Casa Bella Gold,8,2
893,sq.ft.,price on req,Ready To Move,19.16697,73.072915,Dombivli East,Lodha Casa Bella Gold,7,3
704,sq.ft.,price on req,Ready To Move,19.21019,73.094981,Dombivli East,Ganraj Eknath Residency,23,1
449,sq.ft.,3100000,Ready to move,19.153784,73.077967,Nilje Gaon,Lodha Casa Rio Gold,7,1
1033,sq.ft.,6400000,Ready to move,19.153784,73.077967,Nilje Gaon,Lodha Casa Rio Gold,7,2
400,sq.ft.,2790000,Ready to move,19.207707,73.111643,Dombivli East,Regency Anantam,7,2
873,sq.ft.,price on req,Ready To Move,19.20697,73.096559,Dombivli East,on request,7,1
936,sq.ft.,price on req,Ready To Move,19.20697,73.096559,Dombivli East,on request,7,2
778,sq.ft.,8800000,Ready to move,19.212744,73.08714,Dombivli East,mandar towe,8,2
525,sq.ft.,6500000,Ready to move,19.212744,73.08714,Dombivli East,nirmal chs.,8,2
670,sq.ft.,8000000,Ready to move,19.21268,73.08705,Dombivli East,Sneh bandhan chs,8,2
870,sq.ft.,10500000,Ready to move,19.174429,73.069306,Dombivli East,Lodha Casa Bella,32,2
700,sq.ft.,11500000,Ready to move,19.16697,73.072915,Dombivli East,Lodha Casa Bella Gold,32,1
750,sq.ft.,10200000,Ready to move,19.16697,73.072915,Dombivli East,Lodha Casa Bella Gold,32,1
578,sq.ft.,4300000,Ready to move,19.179273,73.075743,Dombivli East,Runwal My City,6,1
450,sq.ft.,3400000,Ready to move,19.179273,73.075743,Dombivli East,Runwal My City,10,2
384,sq.ft.,3400000,Ready to move,19.179273,73.075743,Dombivli East,Runwal My City,4,3
406.85,sq.ft.,4741049,Ready To Move,19.215845,73.0884,Dombivli East,sneha chs.,4,1
580.265,sq.ft.,6803589,Ready To Move,19.210377,73.09031,Dombivli East,bhagawati chs.,4,1
760.97,sq.ft.,9546755.5,Ready To Move,19.210377,73.09031,Dombivli East,vinayak smruti chs.,16,1
470,sq.ft.,4500000,Ready to move,19.213488,73.08937,Dombivli East,shundaram chs.,18,1
470,sq.ft.,5000000,Ready to move,19.213669,73.091064,Dombivli East,guru mauli chs.,18,2
430,sq.ft.,3700000,Ready to move,19.20998072,73.09981942,Azde Gaon,Globe Paradise,17,2
500,sq.ft.,5000000,Ready to move,19.1720153,73.1138064,Dombivli East,Lodha Lakeshore Greens,18,2
520,sq.ft.,5000000,Ready to move,19.1685872,73.1124091,Dombivli East,Lodha Lakeshore Greens,18,2
800,sq.ft.,12000000,Ready to move,19.1714035,73.1126488,Dombivli East,Lodha Lakeshore Greens,15,2
638,sq.ft.,4300000,Ready to move,19.172472,73.11367,Dombivli East,Lodha Lakeshore Greens Primia,15,2
638,sq.ft.,4400000,Ready to move,19.162954,73.083056,Dombivli East,Lodha Palava Downtown,18,1
702,sq.ft.,5000000,Ready to move,19.162954,73.083056,Dombivli East,Lodha Palava Downtown,18,2
470.49,sq.ft.,4363752,Under Construction,19.162954,73.083056,Dombivli East,Lodha Palava Downtown,18,3
448,sq.ft.,3150000,Ready to move,19.20697,73.096559,Dombivli East,Lodha Lakeshore Greens,18,3
851,sq.ft.,7200000,Ready to move,19.172304,73.11123,Dombivli East,Lodha Lakeshore Greens A,18,1
500,sq.ft.,3325000,Ready to move,19.179273,73.075743,Dombivli East,Runwal My City,25,2
560,sq.ft.,4900000,Ready to move,19.1709618,73.1116417,Dombivli East,Lodha Lakeshore Greens,18,2
638,sq.ft.,4475000,Ready to move,19.1717957,73.1128445,Dombivli East,Lodha Lakeshore Greens,18,1
500,sq.ft.,3475000,Ready to move,19.17099,73.113277,Dombivli East,Lodha Lakeshore Greens,18,1
778.5,sq.ft.,5233077,Ready To Move,19.17099,73.113277,Dombivli East,Lodha Lakeshore Greens,18,2
1026,sq.ft.,6035958,Ready To Move,19.17099,73.113277,Dombivli East,Lodha Lakeshore Greens,18,3
1345.5,sq.ft.,price on req,Ready To Move,19.17099,73.113277,Dombivli East,Lodha Lakeshore Greens,18,1
893,sq.ft.,price on req,Ready To Move,19.17099,73.113277,Dombivli East,Lodha Lakeshore Greens,18,1
893,sq.ft.,price on req,Ready To Move,19.168341,73.073962,Dombivli East,Lodha Palava City,14,1
490,sq.ft.,5831033.5,Ready To Move,19.168341,73.073962,Dombivli East,Lodha Palava City,14,2
703,sq.ft.,7641624.5,Ready To Move,19.168341,73.073962,Dombivli East,Lodha Palava City,14,3
917.5,sq.ft.,9796430,Ready To Move,19.179273,73.075743,Dombivli East,Runwal My City,32,1
406.85,sq.ft.,4741049,Ready To Move,19.179273,73.075743,Dombivli East,Runwal My City,32,2
580.265,sq.ft.,6803589,Ready To Move,19.179273,73.075743,Dombivli East,Runwal My City,32,3
760.97,sq.ft.,9546755.5,Ready To Move,19.179273,73.075743,Dombivli East,Runwal My City,32,1
1161,sq.ft.,price on req,Ready To Move,19.168341,73.073962,Dombivli East,Lodha Palava City,7,2
686,sq.ft.,5300000,Ready to move,19.20697,73.096559,Dombivli East,Lodha Casa Rio Dombivli East,7,2
725,sq.ft.,5600000,Ready to move,19.1866474,73.0751092,Dombivli East,Runwal My City,32,2
560,sq.ft.,4700000,Ready to move,19.1792514,73.0642398,Dombivli East,Runwal My City,32,2
550,sq.ft.,5300000,Ready to move,19.1761009,73.0691217,Dombivli East,Runwal My City,32,2
590,sq.ft.,5500000,Ready to move,19.1435663,73.0778838,Dombivli East,Lodha Casa Rio Dombivli East,18,3
798,sq.ft.,6700000,Ready to move,19.1509022,73.0791748,Dombivli East,Lodha Casa Rio Dombivli East,8,2
685,sq.ft.,5500000,Ready to move,19.1712995,73.1116104,Dombivli East,Lodha Lakeshore Greens,18,1
2265,sq.ft.,price on req,Ready To Move,19.21019,73.094981,Dombivli East,Ganraj Eknath Residency,7,1
944.5,sq.ft.,price on req,Under Construction,19.222866,73.105156,thakurli,Ganraj height,12,1
510,sq.ft.,3250000,Ready to move,19.20697,73.096559,Dombivli East,Lodha Palava Lakeshore Green,18,2
638,sq.ft.,4350000,Ready to move,19.20697,73.096559,Dombivli East,Lodha Palava Lakeshore Green,18,2
734,sq.ft.,5750000,Ready to move,19.22272,73.11057,thakurli,SS Balaji krishana,23,1
585,sq.ft.,4100000,Ready to move,19.20697,73.096559,Dombivli East,On request,20,1
430,sq.ft.,3200000,Ready to move,19.18308,73.08716,Dombivli East,runwal garden,22,2
590,sq.ft.,4600000,Ready to move,19.18308,73.08716,Dombivli East,runwal garden,22,1
430,sq.ft.,3100000,Ready to move,19.184181,73.08606,Dombivli East,runwal garden,20,3
750,sq.ft.,7000000,Ready to move,19.20697,73.096559,Dombivli East,On Request,4,1
525,sq.ft.,4800000,Ready to move,19.20697,73.096559,Dombivli East,On Request,5,1
550,sq.ft.,4300000,Ready to move,19.20697,73.096559,Dombivli East,Guru Milan CHS,4,1
425,sq.ft.,3200000,Ready to move,19.21423,73.091156,Dombivli East,praful chs.,4,1
525,sq.ft.,3500000,Ready to move,19.213964,73.09387,Dombivli East,matru shrsdha chs.,4,1
350,sq.ft.,3100000,Ready to move,19.209517,73.09159,Dombivli East,vashant vihar,3,2
800,sq.ft.,7000000,Ready to move,19.20697,73.096559,Dombivli East,on request,15,2
823,sq.ft.,16500000,Ready to move,19.20697,73.096559,Dombivli East,on request,15,3
1200,sq.ft.,17500000,Ready to move,19.20697,73.096559,Dombivli East,on request,15,2
800,sq.ft.,12200000,Ready to move,19.210737,73.122262,Dombivli East,Regency Anantam,23,2
745,sq.ft.,8500000,Ready to move,19.20697,73.096559,Dombivli East,Regency Anantam,23,2
650,sq.ft.,8500000,Ready to move,19.20697,73.096559,Dombivli East,Regency Anantam,23,2
750,sq.ft.,8500000,Ready to move,19.20697,73.096559,Dombivli East,Regency Anantam,23,1
515,sq.ft.,5200000,Ready to move,19.20697,73.096559,Dombivli East,Regency Anantam,23,1
1201,sq.ft.,17600000,Ready to move,19.20697,73.096559,Dombivli East,Globe Paradise,15,2
1115,sq.ft.,16000000,Ready to move,19.20997,73.0991,Dombivli East,Globle pradise,15,2
1161,sq.ft.,price on req,Ready To Move,19.14684,73.0773388,Nilje Gaon,Casa Rio Gold Viviana,8,2
638,sq.ft.,4400000,Ready to move,19.20697,73.096559,Dombivli East,Lodha Palava Downtown,18,1
637,sq.ft.,5100000,Ready to move,19.20697,73.096559,Dombivli East,Lodha Palava Lakeshore Green,18,2
470.49,sq.ft.,4363752,Under Construction,19.20697,73.096559,Dombivli East,Lodha Palava Lakeshore Green,18,2
616.505,sq.ft.,6254338.5,Under Construction,19.20697,73.096559,Dombivli East,Lodha Palava Lakeshore Green,18,2
574,sq.ft.,4600000,Ready to move,19.20697,73.096559,Dombivli East,Lodha Palava City,8,2
448,sq.ft.,3100000,Ready to move,19.20697,73.096559,Dombivli East,Lodha Palava Downtown,18,1
716,sq.ft.,5150000,Ready to move,19.179273,73.075743,Dombivli East,Runwal My City,32,1
734,sq.ft.,5500000,Ready to move,19.179273,73.075743,Dombivli East,Runwal My City,32,2
648,sq.ft.,4200000,Ready to move,19.179273,73.075743,Dombivli East,Runwal My City,32,3
715,sq.ft.,5300000,Ready to move,19.179273,73.075743,Dombivli East,Runwal My City,32,1
774,sq.ft.,4200000,Ready to move,19.179273,73.075743,Dombivli East,Runwal My City,32,2
448,sq.ft.,3100000,Ready to move,19.179273,73.075743,Dombivli East,Runwal My City,32,3
406.85,sq.ft.,4741049,Ready To Move,19.20697,73.096559,Dombivli East,Runwal My City,32,2
580.265,sq.ft.,6803589,Ready To Move,19.20697,73.096559,Dombivli East,Lodha Palava Lakeshore Green,18,2
760.97,sq.ft.,9546755.5,Ready To Move,19.20697,73.096559,Dombivli East,Lodha Palava Lakeshore Green,18,3
406.85,sq.ft.,4741049,Ready To Move,19.20697,73.096559,Dombivli East,Lodha Palava Lakeshore Green,18,2
580.265,sq.ft.,6803589,Ready To Move,19.20697,73.096559,Dombivli East,Lodha Palava Lakeshore Green,22,3
760.97,sq.ft.,9546755.5,Ready To Move,19.20697,73.096559,Dombivli East,Lodha Casa Bella Gold,19,2
615,sq.ft.,5500000,Ready to move,19.20697,73.096559,Dombivli East,Lodha Casa Bella Gold,8,1
480,sq.ft.,3500000,Ready to move,19.168341,73.073962,Dombivli East,Lodha Palava City,8,2
604,sq.ft.,4000000,Ready to move,19.20697,73.096559,Dombivli East,Lodha Casa Bella Gold,19,2
576,sq.ft.,4600000,Ready to move,19.20697,73.096559,Dombivli East,Lodha Casa Bella Gold,19,2
873,sq.ft.,price on req,Ready To Move,19.168341,73.073962,Dombivli East,Lodha Palava City,19,2
735,sq.ft.,7450000,Ready to move,19.17099,73.113277,Dombivli East,Lodha Lakeshore Greens,17,2
344,sq.ft.,3699000,Under Construction,19.182469,73.089484,Bhadra Nagar,Runwal Gardens,32,1
47.25,sq.m.,7500000,Ready to move,19.179273,73.075743,Dombivli East,Runwal My City,19,2
700,sq.ft.,6500000,Ready to move,19.22551,73.09673,thakurli,kt heights,7,2
908,sq.ft.,12000000,Under Construction,19.20697,73.096559,Bhadra Nagar,Runwal Gardens,23,3
390,sq.ft.,2400000,Ready to move,19.20697,73.096559,Dombivli East,Global Park,4,1
530,sq.ft.,5000000,Ready to move,19.20697,73.096559,Dombivli East,Mayur Chhaya CHS,3,1
435,sq.ft.,4200000,Ready to move,19.217614,73.087456,Ram Nagar,Neelkanth Ashish,4,1
325,sq.ft.,2700000,Ready to move,19.20697,73.096559,Dombivli East,Radha vihar chs,4,1
640,sq.ft.,5500000,Ready to move,19.20697,73.096559,Dombivli East,Lodha Casa Bella Gold,18,2
685,sq.ft.,7000000,Ready to move,19.211319,73.100986,Sagarli,Giriraj Hsg Soc Ltd,5,1
750,sq.ft.,8300000,Ready to move,19.20697,73.096559,Dombivli East,lodha codename golden dream,12,1
305,sq.ft.,2500000,Ready to move,19.168341,73.073962,Dombivli East,Lodha Palava City,18,2
590,sq.ft.,5500000,Ready to move,19.174429,73.069306,Dombivli East,Lodha Casa Bella,8,2
590,sq.ft.,4550000,Ready to move,19.205652,73.094377,Dombivli East,Vijay Complex,4,1
300,sq.ft.,1650000,Ready to move,19.198373,73.093683,Dombivli East,Shree Krishna Gokuldham,7,2
815,sq.ft.,5500000,Ready to move,19.157104,73.114456,Dombivli East,Lodha casa aurelia,22,1
442,sq.ft.,4500000,Ready to move,19.245098,73.10902,Dombivli East,Laxmi Sagar Apartment,4,2
600,sq.ft.,3500000,Ready to move,19.20697,73.096559,Dombivli East,Sai Siddhi Heights CHS,7,1
300,sq.ft.,1500000,Ready to move,19.204305,73.087307,Sunil Nagar,Annapurna Swagat CHS,4,1
475,sq.ft.,3800000,Ready to move,19.20457551,73.10956389,Dawadi Gaon,Dhanlaxmi Ekvira Apartment,4,1
550,sq.ft.,4000000,Ready to move,19.209904,73.107393,Dombivli East,Bhavya Mauli Residency,5,1
500,sq.ft.,4000000,Ready to move,19.20697,73.096559,Dombivli East,sanghvi garden green ville,4,1
655,sq.ft.,3600000,Ready to move,19.206434,73.096499,Dombivli East,Shankar Parvati CHS,4,1
425,sq.ft.,2200000,Ready to move,19.20697,73.096559,Dombivli East,shree mahavir nagar chs,5,1
350,sq.ft.,3200000,Ready to move,19.20697,73.096559,Dombivli East,Gurudev Darshan,4,1
525,sq.ft.,4700000,Ready to move,19.20697,73.096559,Dombivli East,Om Amrut Smruti,4,1
425,sq.ft.,5000000,Ready to move,19.20877,73.094875,Ayodhya Nagari,Jupiter Plaza,4,1
490,sq.ft.,5800000,Ready to move,19.20697,73.096559,Dombivli East,Vaibhav Nagari CHS,6,1
525,sq.ft.,2500000,Ready to move,19.186514,72.953969,Dombivli East,Shree Balaji Heights,5,1
610,sq.ft.,3200000,Ready to move,19.205982,73.102411,Dombivli East,Vedant Orchid Residency,8,1
445,sq.ft.,2800000,Ready to move,19.21241,73.07693,Dombivli East,jai on shivalika chs.,4,1
565,sq.ft.,3200000,Ready to move,19.198752,73.093678,Dombivli East,Maruti Complex,4,1
565,sq.ft.,3700000,Ready to move,19.209037,73.083999,Dombivli East,Ekveera DHP Galaxy,8,1
390,sq.ft.,4000000,Ready to move,19.20697,73.096559,Dombivli East,Sai Flora,7,1
475,sq.ft.,3000000,Ready to move,19.205247,73.106393,Dombivli East,Guru Milan CHS,4,1
575,sq.ft.,5100000,Ready to move,19.20697,73.096559,Dombivli East,nilesh bhuvan,5,2
580,sq.ft.,3500000,Ready to move,19.20697,73.096559,Dombivli East,Lodha Casa Bella,8,1
526,sq.ft.,4600000,Ready to move,19.179273,73.075743,Dombivli East,Runwal My City,32,2
576,sq.ft.,7200000,Ready to move,19.222716,73.104047,thakurli,Shree Chamunda Garden,7,1
350,sq.ft.,2000000,Ready to move,19.181137,73.06358,Dombivli East,Anantnath And Forever City,12,2
625,sq.ft.,6100000,Ready to move,19.2146901,73.0833843,Dombivli East,Shree Sai Raj Park Bldg No 3,10,2
705,sq.ft.,8000000,Ready to move,19.2146901,73.0833843,Dombivli East,Shree Sai Raj Park Bldg No 3,10,1
580,sq.ft.,6200000,Ready to move,73.110872,19.224665,Dombivli East,Sneh Residency,13,1
470,sq.ft.,4900000,Ready to move,19.2004471,73.0860462,Dombivli East,Nav Shree Sankalp CHS,4,1
395,sq.ft.,2600000,Ready to move,19.206393,73.096753,Dombivli East,Rajshree Complex,7,1
440,sq.ft.,3600000,Ready to move,19.205612,73.097194,Dombivli East,Mansarovar Apartment,4,1
686,sq.ft.,6500000,Ready to move,19.20794,73.09832,Dombivli East,Universal Apartment,5,1
540,sq.ft.,4500000,Ready to move,19.212039,73.096445,Dombivli East,Sai Dham,4,1
400,sq.ft.,3000000,Ready to move,19.179273,73.075743,Dombivli East,Runwal My City,32,2
541,sq.ft.,6000000,Ready to move,19.23403,73.088799,Kumbharkhan Pada,Shankeshwar Palms,7,1
419,sq.ft.,4300000,Ready to move,19.207191,73.098754,Dombivli East,Durga Apartment,6,1
470,sq.ft.,5000000,Ready to move,73.10902,19.245098,Dombivli East,Asha Paradise,3,2
730,sq.ft.,5200000,Ready to move,19.208154,73.104113,Dombivli East,Meera Sankul CHS,7,1
600,sq.ft.,6500000,Ready to move,19.20697,73.096559,Dombivli East,Vishnu Sai Paradise,7,1
430,sq.ft.,3000000,Ready to move,19.20697,73.096559,Dombivli East,"Lodha Palava City, Lakeshoregreen ",18,2
638,sq.ft.,5100000,Ready to move,19.2161,73.099,Dombivli East,River Scape Apartments,18,3
415,sq.ft.,4750000,Ready to move,19.195541,73.095466,Sagaon,Ashtvinayak Darshan,5,1
325,sq.ft.,1150000,Ready to move,19.20697,73.096559,Dombivli East,takshila building ,4,1
295,sq.ft.,2000000,Ready to move,19.18863,73.08415,Dombivli East,Lodha Panacea,15,1
495,sq.ft.,4800000,Ready to move,19.20572,73.09553,Dombivli East,Shree Samarth Krupa Chs,4,1
500,sq.ft.,1600000,Ready to move,19.179273,73.075743,Dombivli East,Runwal My City,30,1
456,sq.ft.,4500000,Ready to move,19.168341,73.073962,Dombivli East,Lodha Palava City,8,3
930,sq.ft.,8500000,Ready to move,19.168341,73.073962,Dombivli East,Lodha Palava City,14,1
700,sq.ft.,5000000,Ready to move,19.20697,73.096559,Dombivli East,swami recedency,7,1
465,sq.ft.,3500000,Ready to move,19.198507,73.084585,Nandivali Gaon,Shree Ganesh Dham,4,1
480,sq.ft.,1800000,Ready to move,19.205322,73.086906,Dombivli East,Sai Shanti CHS,4,1
625,sq.ft.,3400000,Ready to move,19.20697,73.096559,Dombivli East,Attractive Height,7,1
560,sq.ft.,2000000,Under Construction,19.216642,73.127506,Nandivali Gaon,j raghuvir chs,3,1
500,sq.ft.,5200000,Ready to move,19.212614,73.088943,Dattanagar,Om Krishna Krupa CHS,7,2
700,sq.ft.,8500000,Ready to move,19.159614,73.071246,Dombivli East,Siddharth Riverwood Park,7,1
36.51,sq.m.,3800000,Ready to move,19.179273,73.075743,Dombivli East,Runwal My City,28,2
575,sq.ft.,5500000,Ready to move,19.203739,73.092704,Dombivli East,Anandvan 16 CHS,3,1
540,sq.ft.,4400000,Ready to move,19.21660877,73.08760129,Ramnagar,Gaondevi Ashirwad Bldg,4,1
421,sq.ft.,4500000,Ready to move,19.20697,73.096559,Dombivli East,DOMBIVALI(West),4,1
485,sq.ft.,3500000,Ready to move,19.207473,73.099097,Dombivli East,Lodha Heaven Apartment,7,1
490,sq.ft.,3000000,Ready to move,19.200599,73.111648,Dawadi Gaon,Shree Sai Ashirwad,5,1
675,sq.ft.,7000000,Ready to move,19.17099,73.113277,Dombivli East,Lodha Lakeshore Greens,18,2
641,sq.ft.,5700000,Ready to move,19.196731,73.112178,Dombivli East,Sai Orchid,7,2
820,sq.ft.,5000000,Ready to move,19.179273,73.075743,Dombivli East,Runwal My City,27,2
524.42,sq.ft.,6300000,Ready to move,19.20552,73.097133,Dombivli East,Om Sai Shanti CHS,4,1
641,sq.ft.,5500000,Ready to move,19.204955,73.099882,Dombivli East,Gangeshwar Valley,7,1
460,sq.ft.,5600000,Ready to move,19.20697,73.096559,Dombivli East,d5 ananddeep no 3,4,1
735,sq.ft.,price on req,Ready To Move,19.223062,73.110119,Dombivli East,Amber Star,7,1
963,sq.ft.,price on req,Ready To Move,19.179273,73.075743,Dombivli East,Runwal My City,32,1
883,sq.ft.,price on req,Ready To Move,19.179273,73.075743,Dombivli East,Runwal My City,32,2
580.265,sq.ft.,6803589,Ready To Move,19.216293,73.11002,Dombivli East,Shree Ravi Kiran,4,1
760.97,sq.ft.,9546755.5,Ready To Move,19.205322,73.086906,Dombivli East,Sai Shanti CHS,4,1
739,sq.ft.,price on req,Ready To Move,19.223415,73.100277,Balaji Nagar,Shree ballaleshwar society,5,1
1064,sq.ft.,price on req,Ready To Move,19.2193472,73.1058697,Dombivli East,RK Tower,7,2
560,sq.ft.,6650000,Ready to move,19.2057161,73.0955302,Dombivli East,Om Gokuldam CHS,3,1
750,sq.ft.,6500000,Ready to move,19.223608,73.100218,thakurli,Siddhivinayak Complex,1,2
584,sq.ft.,4200000,Ready to move,19.20697,73.096559,Dombivli East,"Lodha Palava City,Casa Bella",8,3
406,sq.ft.,2800000,Ready to move,19.160725,73.055552,Dombivli East,Marathon Nextown,18,2
330,sq.ft.,1600000,Ready to move,19.211673,73.095298,Gograswadi,Ramrang CHS,4,2
1004,sq.ft.,8500000,Ready to move,19.193029,73.082323,Desale Pada,Bajrang Shubham Apartment,7,1
540,sq.ft.,4500000,Ready to move,19.21014,73.09396,Dombivli East,Dombivali Prafful Housing,4,1
410,sq.ft.,3000000,Ready to move,19.214183,73.082333,Dombivli East,Vinit Sadan CHS,4,1
557.5,sq.ft.,4800000,Ready to move,19.20567,73.089288,Dombivli East,Shradhanand CHS,4,2
705,sq.ft.,7600000,Ready to move,19.20697,73.096559,Dombivli East,ambarinantonia,9,3
720,sq.ft.,9800000,Ready to move,19.213478,73.092316,Dombivli East,Indraneel CHS,4,2
315,sq.ft.,2400000,Ready to move,19.2161427,73.0989616,Dombivli East,Lodha Casa Rio Dombivli East,8,2
1000,sq.ft.,6500000,Ready to move,19.15641,73.07427,Dombivli East,Chandresh rejency,4,1
385,sq.ft.,1700000,Ready to move,19.20697,73.096559,Dombivli East,rudraksh apartment,4,1
774,sq.ft.,4900000,Ready to move,19.162954,73.083056,Dombivli East,Lodha Palava Downtown,9,1
550,sq.ft.,4000000,Ready to move,19.20697,73.096559,Dombivli East,Kanchan Prem Apartment,6,1
495,sq.ft.,4999000,Ready to move,19.068634,72.896284,Tilak Nagar,Sukh Samadhan Society,4,1
560,sq.ft.,2300000,Ready to move,19.17099,73.113277,Dombivli East,Lodha Lakeshore Greens,17,2
414,sq.ft.,3300000,Ready to move,19.200471,73.11224,Dawadi Gaon,Janunagar Apartment CHS,3,2
630,sq.ft.,3500000,Ready to move,19.20565,73.099156,Dombivli East,Geeta chs,4,1
415,sq.ft.,3300000,Ready to move,19.20697,73.096559,Dombivli East,lalji ashish soc,3,1
1000,sq.ft.,5000000,Ready to move,19.168341,73.073962,Dombivli East,Lodha Palava City,16,2
475,sq.ft.,4300000,Ready to move,19.219112,73.093949,Pendse Nagar,Nav Trilok Darshan Society,4,1
684,sq.ft.,5500000,Ready to move,19.168341,73.073962,Dombivli East,Lodha Palava City,14,3
520,sq.ft.,4000000,Ready to move,19.20539427,73.09930148,Azde Gaon,Balaji Darshan CHS,4,2
900,sq.ft.,7000000,Ready to move,19.22303,73.100136,thakurli,Mangal Kalash Complex,4,2
490,sq.ft.,5831033.5,Ready To Move,19.19875,73.091154,Nandivali Panchanand,"Sai Siddhi CompleX, Bhopar road",4,1
703,sq.ft.,7641624.5,Ready To Move,19.245098,73.10902,Dombivli East,siddhi cooperative housing society,4,1
917.5,sq.ft.,9796430,Ready To Move,19.23403,73.088799,Kumbharkhan Pada,Shankeshwar Palms,7,1
560,sq.ft.,5000000,Ready to move,19.20697,73.096559,Dombivli East,Society,4,1
800,sq.ft.,5800000,Ready to move,19.20697,73.096559,Dombivli East,Vignesh plaza,4,1
420,sq.ft.,3650000,Ready to move,19.2161427,73.0989616,Dombivli East,Lodha Casa Rio Dombivli East,8,2
485,sq.ft.,2700000,Ready to move,19.20697,73.096559,Dombivli East,Sai Darshan CHS,3,1
500,sq.ft.,2600000,Ready to move,19.20697,73.096559,Dombivli East,i,5,1
421,sq.ft.,4000000,Ready to move,19.22551,73.09673,thakurli,Amber Prit Chs,10,2
330,sq.ft.,2100000,Ready to move,19.212162,73.102842,Azde Gaon,Samarth Pooja Chs,4,1
620,sq.ft.,4500000,Ready to move,19.233457,73.088423,Kumbharkhan Pada,Kuber Samruddhi,7,1
686,sq.ft.,6000000,Ready to move,19.209449,73.101708,Dombivli East,Shantinath Bhagwati Villa,9,1
500,sq.ft.,3000000,Ready to move,19.222716,73.104047,thakurli,Shree Chamunda Garden,7,1
550,sq.ft.,2400000,Ready to move,19.207598,73.102874,Dombivli East,Versatile Omkar Heights,7,1
480,sq.ft.,3657500,Ready to move,19.20697,73.096559,Dombivli East,Lodha Casa Rio Dombivli East,19,3
309,sq.ft.,6500000,Under Construction,19.20697,73.096559,Dombivli East,Lodha Palava Lakeshore Green,22,3
408,sq.ft.,4600000,Ready to move,19.20697,73.096559,Dombivli East,Lodha Casa Bella Gold,19,2
360,sq.ft.,3600000,Ready to move,19.20697,73.096559,Dombivli East,Regency Anantam,23,1
500,sq.ft.,4000000,Ready to move,19.20697,73.096559,Dombivli East,On Request,4,2
1180,sq.ft.,12500000,Ready to move,19.209036,73.10731,Dombivli East,Lodha Codename Premier,24,2
567,sq.ft.,4500000,Ready to move,19.20697,73.096559,Dombivli East,Regency Anantam,23,2
527,sq.ft.,5300000,Ready to move,19.20697,73.096559,Dombivli East,Casa Rio Arabiana,8,2
490,sq.ft.,5831033.5,Ready To Move,19.234186,73.086031,Kumbharkhan Pada,Dishank Apartment,3,1
4000,sq.ft.,90000000,Ready to move,19.2202611,73.1021357,thakurli,Shree Krishna Plaza,12,1
450,sq.ft.,3500000,Ready to move,19.20697,73.096559,Dombivli East,Lodha Palava Lakeshore Green,18,3
572,sq.ft.,6100000,Under Construction,19.153784,73.077967,Nilje Gaon,Lodha Casa Rio Gold,19,3
778,sq.ft.,8100000,Ready to move,19.17099,73.113277,Dombivli East,Lodha Lakeshore Greens,19,2
686,sq.ft.,6000000,Ready to move,19.179273,73.075743,Dombivli East,Runwal My City,32,1
400,sq.ft.,3300000,Ready to move,19.179273,73.075743,Dombivli East,Runwal My City,32,2
873,sq.ft.,price on req,Ready To Move,19.179273,73.075743,Dombivli East,Runwal My City,32,3
936,sq.ft.,price on req,Ready To Move,19.20697,73.096559,Dombivli East,Regency Anantam,23,1
873,sq.ft.,price on req,Ready To Move,19.20697,73.096559,Dombivli East,Regency Anantam,23,1
936,sq.ft.,price on req,Ready To Move,19.20697,73.096559,Dombivli East,Regency Anantam,23,2
512,sq.ft.,4800000,Ready to move,19.211967,73.096415,Gograswadi,Ramrang CHS,4,1
907,sq.ft.,7000000,Ready to move,19.20697,73.096559,Dombivli East,jay malhar ,3,1
890,sq.ft.,12500000,Ready to move,19.20697,73.096559,Dombivli East,panchjanya ,7,2
880,sq.ft.,9300000,Ready to move,19.210189,73.091571,Pandurangwadi,Sarvoday Aangan,7,1
500,sq.ft.,2800000,Ready to move,19.20697,73.096559,Dombivli East,Regency Luxuria,33,3
800,sq.ft.,6300000,Ready to move,19.2334593,73.0896105,Kumbharkhan Pada,Shankeshwar Palms,7,1
580.265,sq.ft.,6803589,Ready To Move,19.2085,73.104985,Dombivli East,Aboli Estate,7,2
760.97,sq.ft.,9546755.5,Ready To Move,19.2085,73.104985,Dombivli East,Aboli Estate,7,0
527,sq.ft.,5100000,Ready to move,19.20697,73.096559,Dombivli East,Lodha Casa Bella Gold,19,2
527,sq.ft.,5600000,Ready to move,19.168341,73.073962,Dombivli East,Lodha Palava City,14,1
778,sq.ft.,8500000,Ready to move,19.168341,73.073962,Dombivli East,Lodha Palava City,14,2
650,sq.ft.,6600000,Ready to move,19.16697,73.072915,Dombivli East,Lodha Casa Bella Gold,8,1
628,sq.ft.,5300000,Ready to move,19.179273,73.075743,Dombivli East,Runwal My City,32,3
490,sq.ft.,5831033.5,Ready To Move,19.20697,73.096559,Dombivli East,Runwal My City,32,1
703,sq.ft.,7641624.5,Ready To Move,19.20697,73.096559,Dombivli East,Runwal My City,32,3
917.5,sq.ft.,9796430,Ready To Move,19.20697,73.096559,Dombivli East,Runwal My City,32,2
1341,sq.ft.,price on req,Ready To Move,19.207707,73.111643,Dombivli East,Regency Anantam,23,2
873,sq.ft.,price on req,Ready To Move,19.207707,73.111643,Dombivli East,Regency Anantam,23,2
936,sq.ft.,price on req,Ready To Move,19.209036,73.10731,Dombivli East,Lodha Codename Premier,24,3
704,sq.ft.,7200000,Ready to move,19.209036,73.10731,Dombivli East,Lodha Codename Premier,24,1
800,sq.ft.,7800000,Ready to move,19.162954,73.083056,Dombivli East,Lodha Palava Downtown,18,2
450,sq.ft.,3200000,Ready to move,19.162954,73.083056,Dombivli East,Lodha Palava Downtown,18,2
1200,sq.ft.,12000000,Ready to move,19.17099,73.113277,Dombivli East,Lodha Lakeshore Greens,18,2
406.85,sq.ft.,4741049,Ready To Move,19.17099,73.113277,Dombivli East,Lodha Lakeshore Greens,18,2
580.265,sq.ft.,6803589,Ready To Move,19.17099,73.113277,Dombivli East,Lodha Lakeshore Greens,18,2
760.97,sq.ft.,9546755.5,Ready To Move,19.17099,73.113277,Dombivli East,Lodha Lakeshore Greens,18,2
403,sq.ft.,3200000,Ready to move,19.22551,73.09673,thakurli,amber one project,36,1
750,sq.ft.,6500000,Ready to move,19.22551,73.09673,thakurli,Virat Grandeur,16,1
548.74,sq.ft.,4500000,Ready to move,19.20697,73.096559,Dombivli East,dombivali manpada,32,0
778,sq.ft.,8400000,Ready to move,19.2161427,73.0989616,Dombivli East,Lodha Casa Rio Dombivli East,8,1
560,sq.ft.,5100000,Ready to move,19.162954,73.083056,Dombivli East,Lodha Palava Downtown,18,1
850,sq.ft.,6500000,Ready to move,19.170611,73.111267,Dombivli East,Lodha Palava Lakeshore Green,18,2
1160,sq.ft.,16000000,Ready to move,19.170611,73.111267,Dombivli East,Lodha Palava Lakeshore Green,18,1
778,sq.ft.,9600000,Ready to move,19.170611,73.111267,Dombivli East,Lodha Palava Lakeshore Green,10,2
759,sq.ft.,8100000,Under Construction,19.20697,73.096559,Dombivli East,Lodha Casa Bella Gold,19,2
444,sq.ft.,4499000,Under Construction,19.17099,73.113277,Dombivli East,Lodha Lakeshore Greens,18,1
649,sq.ft.,4280000,Ready to move,19.17099,73.113277,Dombivli East,Lodha Lakeshore Greens,18,2
650,sq.ft.,4200000,Ready to move,19.17099,73.113277,Dombivli East,Lodha Lakeshore Greens,18,3
640,sq.ft.,4280000,Ready to move,19.17099,73.113277,Dombivli East,Lodha Lakeshore Greens,18,1
640,sq.ft.,4320000,Ready to move,19.17099,73.113277,Dombivli East,Lodha Lakeshore Greens,18,2
648,sq.ft.,4300000,Ready to move,19.17099,73.113277,Dombivli East,Lodha Lakeshore Greens,18,3
638,sq.ft.,4250000,Ready to move,19.168341,73.073962,Dombivli East,Lodha Palava City,19,1
488,sq.ft.,5500000,Under Construction,19.168341,73.073962,Dombivli East,Lodha Palava City,18,2
461,sq.ft.,4700000,Under Construction,19.168341,73.073962,Dombivli East,Lodha Palava City,8,1
450,sq.ft.,3350000,Ready to move,19.2161427,73.0989616,Dombivli East,Lodha Palava Casa Rio Gold,8,1
585,sq.ft.,5799999,Ready to move,19.2161427,73.0989616,Dombivli East,Lodha Palava Casa Rio Gold,8,2
444,sq.ft.,4399999,Ready to move,19.2161427,73.0989616,Dombivli East,Lodha Casa Rio Dombivli East,8,1
738,sq.ft.,5500000,Ready to move,19.2161427,73.0989616,Dombivli East,Lodha Casa Rio Dombivli East,19,3
504,sq.ft.,3600000,Ready to move,19.2161427,73.0989616,Dombivli East,Lodha Casa Rio Dombivli East,19,3
650,sq.ft.,4500000,Ready to move,19.153784,73.077967,Nilje Gaon,Lodha Casa Rio Gold,8,1
700,sq.ft.,6500000,Ready to move,19.223179,73.104515,thakurli,Ambar Harmony,11,1
778.5,sq.ft.,5233077,Ready To Move,19.2267211,73.1033694,thakurli,Devshree Prop,7,2
1026,sq.ft.,6035958,Ready To Move,19.1920232,73.085448,Desale Pada,Ira Insignia,28,1
1345.5,sq.ft.,price on req,Ready To Move,19.179273,73.075743,Dombivli East,Runwal My City,25,1
778.5,sq.ft.,5233077,Ready To Move,19.17099,73.113277,Dombivli East,Lodha Lakeshore Greens,18,3
1026,sq.ft.,6035958,Ready To Move,19.1720369,73.1119001,Dombivli East,Lodha Lakeshore Greens,18,2
1345.5,sq.ft.,price on req,Ready To Move,19.2161427,73.0989616,Dombivli East,Lodha Casa Rio Dombivli East,8,1
540,sq.ft.,5899000,Under Construction,19.20697,73.096559,Dombivli East,Lodha Palava City,8,2
540,sq.ft.,3500000,Ready to move,19.2161427,73.0989616,Dombivli East,Shubham Apartment,7,1
789,sq.ft.,6000000,Ready to move,19.2161427,73.0989616,Dombivli East,Rachana Marvel,5,2
789,sq.ft.,7800000,Ready to move,19.208682,73.114987,Dombivli East,Om Swayambhu Balaji Annex,24,3
451,sq.ft.,3400000,Ready to move,19.223199,73.109942,Dombivli East,Shree Shankheshwar Park,11,1
450,sq.ft.,5500000,Ready to move,19.219917,73.105383,Dombivli East,Kulswamini Srushti Residency,14,2
650,sq.ft.,6800000,Ready to move,19.222716,73.104047,thakurli,Shree Chamunda Garden,7,1
513,sq.ft.,4760000,Ready to move,19.226375,73.110091,thakurli,Amber Vista,13,2
401,sq.ft.,3590000,Ready to move,19.207707,73.111643,Dombivli East,Regency Anantam,24,1
900,sq.ft.,7000000,Ready to move,19.220939,73.105089,Dombivli East,Mangeshi Dazzle,14,2
734,sq.ft.,5375000,Ready to move,19.220939,73.105089,Dombivli East,Mangeshi Dazzle,14,3
449,sq.ft.,3200000,Ready to move,19.208682,73.114987,Dombivli East,Om Swayambhu Balaji Annex,24,1
836,sq.ft.,6900000,Ready to move,19.226289,73.100459,thakurli,Amber Harmony,11,1
687,sq.ft.,5500000,Ready to move,19.224361,73.10194,thakurli,Sunshine Elegance,7,1
706.5,sq.ft.,price on req,Ready To Move,19.224361,73.10194,thakurli,Sunshine Elegance,16,2
981,sq.ft.,price on req,Ready To Move,19.0735702,73.0742236,thakurli,Sunshine Sunrise Residency,4,1
1161,sq.ft.,price on req,Ready To Move,19.222716,73.104047,thakurli,Shree Chamunda Garden,7,1
873,sq.ft.,price on req,Ready To Move,19.205244,73.102444,Dombivli East,Shree Shankheshwar Garden CHS,7,1
936,sq.ft.,price on req,Ready To Move,19.208682,73.114987,Dombivli East,Om Swayambhu Balaji Annex,24,2
460,sq.ft.,5500000,Ready to move,19.2038561,73.095874,Dombivli East,Kanishka CHS,2,2
650,sq.ft.,9500000,Ready to move,19.19991,73.11846,Kanchangoan,Swastik Sarvoday Symphony,19,3
754,sq.ft.,9000000,Under Construction,19.19991,73.11846,Kanchangoan,Swastik Sarvoday Symphony,19,1
450,sq.ft.,4500000,Ready to move,19.225552,73.109882,Kanchangoan,Sneha Residency,6,2
700,sq.ft.,8000000,Ready to move,19.19991,73.11846,Kanchangoan,Swastik Sarvoday Symphony,19,2
410,sq.ft.,5200000,Ready to move,19.223199,73.109942,Dombivli East,Shree Shankheshwar Park,11,1
615,sq.ft.,6900000,Ready to move,19.179273,73.075743,Dombivli East,Runwal My City,32,2
527,sq.ft.,4300000,Under Construction,19.206378,73.100212,Tilak Nagar,Rachana Sukrut,7,2
650,sq.ft.,8600000,Ready to move,19.1920232,73.085448,Desale Pada,Ira Insignia,28,1
750,sq.ft.,13000000,Ready to move,19.168341,73.073962,Dombivli East,Lodha Palava City,8,2
465,sq.ft.,5200000,Under Construction,19.207707,73.111643,Dombivli East,Regency Anantam,23,2
450,sq.ft.,3500000,Ready to move,19.20697,73.096559,Dombivli East,BG Patil Nanu Park,10,2
450,sq.ft.,4500000,Ready to move,19.20697,73.096559,Dombivli East,Sai Arcade,15,2
415,sq.ft.,3800000,Ready to move,19.225178,73.103379,thakurli,Amber Enclave,16,1
615,sq.ft.,7000000,Under Construction,19.22551,73.09673,thakurli,vighnahartaChs,10,1
600,sq.ft.,5500000,Ready to move,19.22551,73.09673,thakurli,Happy Sarvodaya Trilok,9,1
932,sq.ft.,9535680,Under Construction,19.22551,73.09673,thakurli,Shree Chamunda Garden,7,1
464,sq.ft.,4682160,Under Construction,19.22551,73.09673,thakurli,Shree Chamunda Garden,7,2
742,sq.ft.,6200000,Ready to move,19.22551,73.09673,thakurli,Vitthal Plaza,7,1
676,sq.ft.,6863040,Under Construction,19.22551,73.09673,Balaji Nagar,Balaji Aangan,7,1
450,sq.ft.,4350000,Ready to move,19.22551,73.09673,thakurli,nul,23,2
608,sq.ft.,6500000,Ready to move,19.224358,73.108452,Kanchangoan,Sneha Residency,7,2
670,sq.ft.,9500000,Ready to move,19.20697,73.096559,Dombivli East,Lodha Codename Premier,24,1
513,sq.ft.,4500000,Under Construction,19.20697,73.096559,Dombivli East,-,4,1
735,sq.ft.,price on req,Ready To Move,19.22551,73.09673,thakurli,Amber Enclave,16,2
963,sq.ft.,price on req,Ready To Move,19.2226381,73.1039791,thakurli,Amber Enclave,16,1
883,sq.ft.,price on req,Ready To Move,19.168341,73.073962,Dombivli East,Lodha Palava City,14,1
463,sq.ft.,5500000,Ready to move,19.20697,73.096559,Dombivli East,Deiv Virat Grandeur,16,1
450,sq.ft.,4200000,Ready to move,19.20697,73.096559,Dombivli East,Balaji Govind KDMC Approved Project,15,1
470,sq.ft.,4400000,Ready to move,19.20697,73.096559,Dombivli East,runwal garden,22,2
875,sq.ft.,6200000,Ready to move,19.17099,73.113277,Dombivli East,Lodha Lakeshore Greens,18,2
510,sq.ft.,4300000,Ready to move,19.17099,73.113277,Dombivli East,Lodha Lakeshore Greens,18,3
470,sq.ft.,4800000,Ready to move,19.20697,73.096559,Dombivli East,runwal garden,22,2
565,sq.ft.,5970000,Ready to move,19.179869,73.297999,Dombivli East,Sai Balaji Estate,22,2
750,sq.ft.,6000000,Ready to move,19.179869,73.297999,Dombivli East,Sai Balaji Estate,22,1
444,sq.ft.,4550000,Under Construction,19.20697,73.096559,Dombivli East,runwal garden,22,3
470,sq.ft.,3700000,Ready to move,19.20697,73.096559,Dombivli East,runwal garden,22,2
42.18,sq.m.,4300000,Ready to move,19.20697,73.096559,Dombivli East,runwal garden,22,2
723,sq.ft.,7600000,Ready to move,19.20697,73.096559,Dombivli East,runwal garden,24,3
483,sq.ft.,5000000,Ready to move,19.162954,73.083056,Dombivli East,Lodha Palava Downtown,20,2
490,sq.ft.,5831033.5,Ready To Move,19.20697,73.096559,Dombivli East,runwal garden,24,2
1000,sq.ft.,6000000,Ready to move,19.17099,73.113277,Dombivli East,Lodha Lakeshore Greens,18,3
680,sq.ft.,4500000,Ready to move,19.17099,73.113277,Dombivli East,Lodha Lakeshore Greens,18,2
908,sq.ft.,7500000,Ready to move,19.20697,73.096559,Dombivli East,runwal garden,22,3
655,sq.ft.,4850000,Ready to move,19.20697,73.096559,Dombivli East,runwal garden,22,2
850,sq.ft.,7000000,Ready to move,19.20697,73.096559,Dombivli East,runwal garden,22,3
430,sq.ft.,3300000,Ready to move,19.162954,73.083056,Dombivli East,Lodha Palava Downtown,20,1
650,sq.ft.,4800000,Ready to move,19.162954,73.083056,Dombivli East,Lodha Palava Downtown,20,2
3500,sq.ft.,20000000,Under Construction,19.20697,73.096559,Dombivli East,villas royale,1,3
635,sq.ft.,4775000,Ready to move,19.20697,73.096559,Dombivli East,runwal garden,20,2
2000,sq.ft.,14500000,Under Construction,19.20697,73.096559,Dombivli East,villas royale,1,3
650,sq.ft.,4700000,Ready to move,19.20697,73.096559,Dombivli East,runwal garden,20,2
524,sq.ft.,price on req,Ready To Move,19.179273,73.075743,Dombivli East,Runwal My City,32,2
704,sq.ft.,price on req,Ready To Move,19.179273,73.075743,Dombivli East,Runwal My City,32,1
500,sq.ft.,4000000,Ready to move,19.2161427,73.0989616,Dombivli East,Lodha Casa Rio Dombivli East,7,2
360,sq.ft.,1600000,Ready to move,19.174429,73.069306,Dombivli East,Lodha Casa Bella,19,2
630,sq.ft.,5100000,Ready to move,19.2161427,73.0989616,Dombivli East,Lodha Casa Rio Dombivli East,8,2
628,sq.ft.,5550000,Ready to move,19.153784,73.077967,Nilje Gaon,Lodha Casa Rio Gold,8,2
460,sq.ft.,3025000,Ready to move,19.174429,73.069306,Dombivli East,Lodha Casa Bella,19,2
682,sq.ft.,5100000,Ready to move,19.16697,73.072915,Dombivli East,Lodha Casa Bella Gold,18,1
580,sq.ft.,4480000,Ready to move,19.174429,73.069306,Dombivli East,Lodha Casa Bella,19,2
510,sq.ft.,3870000,Ready to move,19.16697,73.072915,Dombivli East,Lodha Casa Bella Gold,18,1
449,sq.ft.,3530000,Ready to move,19.20697,73.096559,Dombivli East,Lodha Casa Rio Exotica,22,3
682,sq.ft.,4465000,Ready to move,19.16697,73.072915,Dombivli East,Lodha Casa Bella Gold,18,1
641,sq.ft.,4920000,Ready to move,19.174429,73.069306,Dombivli East,Lodha Casa Bella,18,1
462,sq.ft.,3580000,Ready to move,19.153784,73.077967,Nilje Gaon,Lodha Casa Rio Gold,8,2
637,sq.ft.,4950000,Ready to move,19.16697,73.072915,Dombivli East,Lodha Casa Bella Gold,18,3
460,sq.ft.,3600000,Ready to move,19.162954,73.083056,Dombivli East,Lodha Palava Downtown,18,2
969,sq.ft.,9150000,Ready to move,19.162954,73.083056,Dombivli East,Lodha Palava Downtown,18,2
630,sq.ft.,3800000,Ready to move,19.16697,73.072915,Dombivli East,Lodha Casa Bella Gold,18,3
460,sq.ft.,3500000,Ready to move,19.162954,73.083056,Dombivli East,Lodha Palava Downtown,18,2
682,sq.ft.,4400000,Ready to move,19.162954,73.083056,Dombivli East,Lodha Palava Downtown,18,2
890,sq.ft.,8100000,Ready to move,19.17099,73.113277,Dombivli East,Lodha Lakeshore Greens,18,2
710,sq.ft.,5200000,Ready to move,19.162954,73.083056,Dombivli East,Lodha Palava Downtown,18,1
700,sq.ft.,5000000,Ready to move,19.170611,73.111267,Dombivli East,Lodha Palava Lakeshore Green,18,2
875,sq.ft.,8000000,Ready to move,19.162954,73.083056,Dombivli East,Lodha Palava Downtown,18,1
708,sq.ft.,5100000,Ready to move,19.170611,73.111267,Dombivli East,Lodha Palava Lakeshore Green,18,2
702,sq.ft.,5020000,Ready to move,19.162954,73.083056,Dombivli East,Lodha Palava Downtown,18,1
860,sq.ft.,5450000,Ready to move,19.170611,73.111267,Dombivli East,Lodha Palava Lakeshore Green,18,2
425,sq.ft.,3420000,Ready to move,19.162954,73.083056,Dombivli East,Lodha Palava Downtown,18,2
840,sq.ft.,5400000,Ready to move,19.162954,73.083056,Dombivli East,Lodha Palava Downtown,18,2
430,sq.ft.,3450000,Ready to move,19.162954,73.083056,Dombivli East,Lodha Palava Downtown,18,1
850,sq.ft.,5500000,Ready to move,19.17099,73.113277,Dombivli East,Lodha Lakeshore Greens,18,1
420,sq.ft.,3400000,Ready to move,19.17099,73.113277,Dombivli East,Lodha Lakeshore Greens,18,1
881,sq.ft.,5600000,Ready to move,19.17099,73.113277,Dombivli East,Lodha Lakeshore Greens,18,1
661,sq.ft.,4400000,Ready to move,19.17099,73.113277,Dombivli East,Lodha Lakeshore Greens,18,1
655,sq.ft.,4320000,Ready to move,19.187914,73.086805,Dombivli East,Lodha Regency,5,2
415,sq.ft.,3350000,Ready to move,19.182469,73.089484,Bhadra Nagar,Runwal Gardens,23,2
440,sq.ft.,3540000,Ready to move,19.179273,73.075743,Dombivli East,Runwal My City,32,1
480,sq.ft.,3650000,Ready to move,19.179273,73.075743,Dombivli East,Runwal My City,32,2
450,sq.ft.,3550000,Ready to move,19.179273,73.075743,Dombivli East,Runwal My City,32,3
490,sq.ft.,3600000,Ready to move,19.182469,73.089484,Bhadra Nagar,Runwal Gardens,23,1
492,sq.ft.,3275000,Ready to move,19.182469,73.089484,Bhadra Nagar,Runwal Gardens,23,3
484.27,sq.ft.,5400000,Under Construction,19.208802,73.113264,Dombivli East,Swaraj Ganraj Enclave,7,1
350,sq.ft.,3516000,Ready to move,19.20881,73.100384,Dombivli East,Vaibhav Nagari CHS,4,1
510.53,sq.ft.,5288000,Ready to move,19.195608,73.095854,Sagaon,Ravikiran Society,7,1
676.94,sq.ft.,8286000,Ready to move,19.168341,73.073962,Dombivli East,Lodha Palava City,19,2
352.57,sq.ft.,4011000,Under Construction,19.20697,73.096559,Dombivli East,Lodha Palava City,19,2
850,sq.ft.,9500000,Under Construction,19.20697,73.096559,Dombivli East,on request,7,1
465,sq.ft.,2800000,Under Construction,19.174429,73.069306,Dombivli East,Lodha Casa Bella,8,1
355,sq.ft.,2350000,Ready to move,19.204217,73.091808,P and T Colony,avighna height,7,1
475,sq.ft.,2250000,Ready to move,19.20697,73.096559,Dombivli East,On Request,4,1
665,sq.ft.,6600000,Ready to move,19.206949,73.103818,Dombivli East,Om Shanti Society,4,1
678,sq.ft.,6200000,Ready to move,19.203173,73.08702,Sagaon,sidhhivinayak,7,1
325,sq.ft.,2500000,Ready to move,19.22398,73.09558,thakurli,Balaji Darshan,5,1
400,sq.ft.,3400000,Ready to move,19.17249,73.0872,Dombivli East,Vaibhav Nagari CHS,4,1
480,sq.ft.,3500000,Ready to move,19.16697,73.072915,Dombivli East,Lodha Casa Bella Gold,19,2
460,sq.ft.,2700000,Ready to move,19.20697,73.096559,Dombivli East,Lodha Palava City,19,2
420,sq.ft.,4600000,Ready to move,19.20881,73.100384,Dombivli East,Vaibhav Nagari CHS,4,1
375,sq.ft.,2400000,Ready to move,19.20881,73.100384,Dombivli East,Vaibhav Nagari CHS,1,3
575,sq.ft.,6500000,Ready to move,19.210189,73.091571,Pandurangwadi,manjunath ,4,1
401,sq.ft.,2250000,Ready to move,19.147156,73.07649,Dombivli East,Lodha Casa Bella Gold,19,2
668,sq.ft.,5800000,Ready to move,19.16697,73.072915,Dombivli East,Lodha Casa Bella Gold,19,2
796,sq.ft.,6200000,Ready to move,19.20881,73.100384,Dombivli East,Vaibhav Nagari CHS,4,1
385,sq.ft.,2400000,Ready to move,19.208802,73.113264,Dombivli East,Swaraj Ganraj Enclave,7,1
695,sq.ft.,6000000,Ready to move,19.16697,73.072915,Dombivli East,Lodha Casa Bella Gold,8,1
695,sq.ft.,6300000,Ready to move,19.213913,73.088472,Dattanagar,sunflower residency,8,1
400,sq.ft.,2500000,Ready to move,19.1745,73.06992,Dombivli East,Lodha Palava Casa Bella,19,2
505,sq.ft.,2950000,Under Construction,19.20697,73.096559,Dombivli East,Vedant Vinayak Flora,7,1
395,sq.ft.,2500000,Under Construction,19.174429,73.069306,Dombivli East,Lodha Casa Bella,19,2
395,sq.ft.,3750000,Ready to move,19.20697,73.096559,Dombivli East,Avighna hight ,7,1
310,sq.ft.,3000000,Ready to move,19.20572,73.09553,Dombivli East,Lodha Palava Casa Elite,18,1
590,sq.ft.,5730000,Ready to move,19.168341,73.073962,Dombivli East,Lodha Palava City,14,1
300,sq.ft.,2100000,Ready to move,19.168341,73.073962,Dombivli East,Lodha Palava City,14,2
600,sq.ft.,4300000,Ready to move,19.168341,73.073962,Dombivli East,Lodha Palava City,14,3
375,sq.ft.,2250000,Ready to move,19.20697,73.096559,Dombivli East,Lodha Palava Lakeshore Green,18,2
490,sq.ft.,3600000,Ready to move,19.20697,73.096559,Dombivli East,Venus Sky City,27,2
564,sq.ft.,3650000,Ready to move,19.20697,73.096559,Dombivli East,venus sky city,27,1
490,sq.ft.,5831033.5,Ready To Move,19.20697,73.096559,Dombivli East,Lodha Palava Downtown,18,2
585,sq.ft.,4400000,Ready to move,19.20697,73.096559,Dombivli East,Pendse nagar Dombiwali East Chs,4,2
873,sq.ft.,price on req,Ready To Move,19.20697,73.096559,Dombivli East,Lodha Crown Dombivli,18,1
936,sq.ft.,price on req,Ready To Move,19.20697,73.096559,Dombivli East,Runwal Garden,24,2
441,sq.ft.,price on req,Ready To Move,19.18863,73.08415,Dombivli East,Lodha Panacea,15,2
582,sq.ft.,price on req,Ready To Move,19.168341,73.073962,Dombivli East,Lodha Palava City,7,2
674,sq.ft.,price on req,Ready To Move,19.168341,73.073962,Dombivli East,Lodha Palava City,18,2
384,sq.ft.,price on req,Ready To Move,19.168341,73.073962,Dombivli East,Lodha Palava City,18,1
524,sq.ft.,price on req,Ready To Move,19.168341,73.073962,Dombivli East,Lodha Palava City,19,2
704,sq.ft.,price on req,Ready To Move,19.168341,73.073962,Dombivli East,Lodha Palava City,8,1
550,sq.ft.,4751000,Ready to move,19.168341,73.073962,Dombivli East,Lodha Palava City,8,2
323,sq.ft.,3499000,Under Construction,19.168341,73.073962,Dombivli East,Lodha Palava City,8,1
505,sq.ft.,5700000,Under Construction,19.168341,73.073962,Dombivli East,Lodha Palava City,8,1
470.49,sq.ft.,4363752,Under Construction,19.168341,73.073962,Dombivli East,Lodha Palava City,19,2
616.505,sq.ft.,6254338.5,Under Construction,19.168341,73.073962,Dombivli East,Lodha Palava City,19,3
969,sq.ft.,11500000,Ready to move,19.168341,73.073962,Dombivli East,Lodha Palava City,19,3
969,sq.ft.,10000000,Ready to move,19.168341,73.073962,Dombivli East,Lodha Palava City,19,3
527,sq.ft.,3600000,Ready to move,19.168341,73.073962,Dombivli East,Lodha Palava City,18,2
576,sq.ft.,4600000,Ready to move,19.168341,73.073962,Dombivli East,Lodha Palava City,8,2
449,sq.ft.,3400000,Ready to move,19.168341,73.073962,Dombivli East,Lodha Palava City,8,2
443,sq.ft.,3400000,Ready to move,19.168341,73.073962,Dombivli East,Lodha Palava City,22,3
442,sq.ft.,3800000,Ready to move,19.168341,73.073962,Dombivli East,Lodha Palava City,18,1
576,sq.ft.,4500000,Ready to move,19.213913,73.088472,Dattanagar,Metro Highland,8,2
798,sq.ft.,8000000,Ready to move,19.168341,73.073962,Dombivli East,Lodha Palava City,19,3
825,sq.ft.,7500000,Ready to move,19.162954,73.083056,Dombivli East,Lodha Palava Downtown,18,1
798,sq.ft.,6800000,Ready to move,19.162954,73.083056,Dombivli East,Lodha Palava Downtown,18,2
725,sq.ft.,5800000,Ready to move,19.162954,73.083056,Dombivli East,Lodha Palava Downtown,17,2
725,sq.ft.,5200000,Ready to move,19.17099,73.113277,Dombivli East,Lodha Lakeshore Greens,18,2
686,sq.ft.,5400000,Ready to move,19.17099,73.113277,Dombivli East,Lodha Lakeshore Greens,18,2
1260,sq.ft.,18000000,Ready to move,19.17099,73.113277,Dombivli East,Lodha Lakeshore Greens,18,1
525,sq.ft.,4000000,Ready to move,19.2161427,73.0989616,Dombivli East,Lodha Casa Rio Dombivli East,19,3
479,sq.ft.,3300000,Ready to move,19.2161427,73.0989616,Dombivli East,Lodha Casa Rio Dombivli East,7,1
734,sq.ft.,5400000,Ready to move,19.16697,73.072915,Dombivli East,Lodha Casa Bella Gold,18,2
510,sq.ft.,5000000,Ready to move,19.16697,73.072915,Dombivli East,Lodha Casa Bella Gold,8,1
738,sq.ft.,5500000,Ready to move,19.16697,73.072915,Dombivli East,Lodha Casa Bella Gold,8,1
710,sq.ft.,5200000,Ready to move,19.174429,73.069306,Dombivli East,Lodha Casa Bella,19,2
638,sq.ft.,4200000,Ready to move,19.174429,73.069306,Dombivli East,Lodha Casa Bella,8,1
495,sq.ft.,3600000,Ready to move,19.22551,73.09673,thakurli,Hiren Park,4,2
798,sq.ft.,6700000,Ready to move,19.223199,73.109942,Dombivli East,Shree Shankheshwar Park,11,1
686,sq.ft.,5200000,Ready to move,19.22551,73.09673,thakurli,Shree Mangalmurti Heights,10,1
594,sq.ft.,4300000,Ready to move,19.22551,73.09673,thakurli,Devshree Enclave,4,1
495,sq.ft.,3300000,Ready to move,19.22586,73.0974,thakurli,Om Residency,7,1
594,sq.ft.,4600000,Ready to move,19.207707,73.111643,Dombivli East,Regency Anantam,23,2
488,sq.ft.,3600000,Ready to move,19.212347,73.110042,Dombivli East,New Anupam CHS,4,2
441,sq.ft.,3400000,Ready to move,19.20697,73.096559,Dombivli East,Gangeshwar Complex ,6,2
565,sq.ft.,4100000,Ready to move,19.22551,73.09673,thakurli,Shiv Vithai Galaxy ,10,2
439,sq.ft.,3400000,Ready to move,19.215852,73.086603,Ramnagar,Vasudev Laxmi CHS,4,1
695,sq.ft.,5000000,Ready to move,19.212481,73.095942,Gograswadi,Deepti Naval CHS,4,3
635,sq.ft.,4300000,Ready to move,19.20697,73.096559,Dombivli East,Gulmohar Residency ,7,1
490,sq.m.,4300000,Ready to move,19.200215,73.084646,Nandivli,Gulmohar Residency CHS ,7,1
440,sq.ft.,4500000,Ready to move,19.200215,73.084646,Nandivli,Amber Tirth CHS,4,1
635,sq.ft.,4500000,Ready to move,19.200215,73.084646,Nandivli,Dhanshree Pratham Complex,3,1
775,sq.ft.,8000000,Ready to move,19.195541,73.095466,Sagaon,Anjani Paradise,6,2
444,sq.ft.,3500000,Ready to move,19.20697,73.096559,Dombivli East,Lodha Casa Bella,19,3
384,sq.ft.,price on req,Ready To Move,19.20697,73.096559,Dombivli East,Lodha Casa Rio Dombivli East,8,2
524,sq.ft.,price on req,Ready To Move,19.20697,73.096559,Dombivli East,Lodha Casa Bella,19,2
704,sq.ft.,price on req,Ready To Move,19.20697,73.096559,Dombivli East,Lodha Lakeshore Greens,18,2
384,sq.ft.,price on req,Ready To Move,19.20697,73.096559,Dombivli East,Lodha Casa Bella Gold,18,2
524,sq.ft.,price on req,Ready To Move,19.20697,73.096559,Dombivli East,On Request,19,3
704,sq.ft.,price on req,Ready To Move,19.20697,73.096559,Dombivli East,Lodha Casa Bella Gold,18,2
735,sq.ft.,price on req,Ready To Move,19.20697,73.096559,Dombivli East,Lodha Casa Bella,19,2
963,sq.ft.,price on req,Ready To Move,19.20697,73.096559,Dombivli East,Lodha Lakeshore Greens,18,2
883,sq.ft.,price on req,Ready To Move,19.20697,73.096559,Dombivli East,Casa Rio Rilletta,8,1
798,sq.ft.,7000000,Ready to move,19.20697,73.096559,Dombivli East,Lodha Casa Bella Gold,18,2
685,sq.ft.,5200000,Ready to move,19.20697,73.096559,Dombivli East,Lodha Casa Bella Gold,18,2
630,sq.ft.,4900000,Ready to move,19.20697,73.096559,Dombivli East,Lodha Lakeshore Greens,18,2
736,sq.ft.,6500000,Ready to move,19.20697,73.096559,Dombivli East,Lodha Casa Rio Atlantica,8,2
586,sq.ft.,4000000,Ready to move,19.20697,73.096559,Dombivli East,Lodha Casa Bella Gold,18,2
449,sq.ft.,3900000,Ready to move,19.168341,73.073962,Dombivli East,Lodha Palava City,8,1
443,sq.ft.,3600000,Ready to move,19.168341,73.073962,Dombivli East,Lodha Palava City,8,1
665,sq.ft.,6000000,Ready to move,19.168341,73.073962,Dombivli East,Lodha Palava City,19,2
667,sq.ft.,6800000,Ready to move,19.1703997,73.0728209,Dombivli East,Lodha Casa Bella Gold,18,2
1596,sq.ft.,17200000,Ready to move,19.20697,73.096559,Dombivli East,Lodha Golflinks,7,3
460,sq.ft.,4400000,Ready to move,19.222225,73.1059,thakurli,shivaganga Apartment ,7,1
450,sq.ft.,4500000,Ready to move,19.222225,73.1059,thakurli,Shivganga Apartment ,7,1
450,sq.ft.,4500000,Ready to move,19.222225,73.1059,thakurli,shiv ganga apartment ,7,1
430,sq.ft.,4000000,Ready to move,19.223296,73.1101023,Dombivli East,Amber Star,7,1
430,sq.ft.,4300000,Ready to move,19.22586,73.0974,thakurli,Om Residency,7,1
605,sq.ft.,7200000,Ready to move,19.224358,73.108452,Kanchangoan,Om Swayambhu Balaji Residency 2,16,2
439.5,sq.ft.,5500000,Ready to move,19.224355,73.109298,Kanchangoan,Om Swayambhu Balaji Residency 2,16,1
645,sq.ft.,4210000,Ready to move,19.1702259,73.1125647,Dombivli East,Lodha Lakeshore Greens,18,2
735,sq.ft.,5600000,Ready to move,19.1691415,73.1120756,Dombivli East,Lodha Lakeshore Greens,18,2
511,sq.ft.,3410000,Ready to move,19.20697,73.096559,Dombivli East,Lodha Lakeshore Greens,18,1
710,sq.ft.,3500000,Ready to move,19.17099,73.113277,Dombivli East,Lodha Lakeshore Greens,18,1
676,sq.ft.,4500000,Ready to move,19.1680941,73.1130968,Dombivli East,Lodha Lakeshore Greens,18,2
736,sq.ft.,5600000,Ready to move,19.1683683,73.1116168,Dombivli East,Lodha Lakeshore Greens,18,2
733,sq.ft.,6100000,Ready to move,19.20697,73.096559,Dombivli East,Lodha Lakeshore Greens,18,2
737,sq.ft.,5800000,Ready to move,19.20697,73.096559,Dombivli East,Lodha Lakeshore Greens,18,2
836,sq.ft.,7000001,Ready to move,19.1696342,73.1115254,Dombivli East,Lodha Lakeshore Greens,18,3
676,sq.ft.,4000000,Ready to move,19.1677417,73.1123703,Dombivli East,Lodha Lakeshore Greens,18,2
645,sq.ft.,4200000,Ready to move,19.20697,73.096559,Dombivli East,Lodha Palava Lakeshore Green,18,2
835,sq.ft.,6950000,Ready to move,19.20697,73.096559,Dombivli East,Lodha Palava Lakeshore Green,18,3
834,sq.ft.,7000000,Ready to move,19.1683177,73.1119841,Dombivli East,Lodha Lakeshore Greens,18,3
734,sq.ft.,6300000,Ready to move,19.1700308,73.1115594,Dombivli East,Lodha Lakeshore Greens,18,2
778.5,sq.ft.,5233077,Ready To Move,19.17099,73.113277,Dombivli East,Lodha Lakeshore Greens,18,1
1026,sq.ft.,6035958,Ready To Move,19.17099,73.113277,Dombivli East,Lodha Lakeshore Greens,18,2
1345.5,sq.ft.,price on req,Ready To Move,19.17099,73.113277,Dombivli East,Lodha Lakeshore Greens,18,3
525,sq.ft.,3600000,Ready to move,19.172304,73.11123,Dombivli East,Lodha Lakeshore Greens D,18,1
510,sq.ft.,3550000,Ready to move,19.1721755,73.1115905,Dombivli East,Lodha Lakeshore Greens,18,1
1026,sq.ft.,6035958,Ready To Move,19.20697,73.096559,Dombivli East,Lodha Palava Lakeshore Green,18,2
1345.5,sq.ft.,price on req,Ready To Move,19.20697,73.096559,Dombivli East,Runwal My City,32,2
735,sq.ft.,5300000,Ready to move,19.2330664,73.0896619,Kumbharkhan Pada,Shankeshwar Palms,7,2
685,sq.ft.,4200000,Ready to move,19.235892,73.085866,Kumbharkhan Pada,Shankeshwar Palms,7,2
963,sq.ft.,price on req,Ready To Move,19.16697,73.072915,Dombivli East,Lodha Casa Bella Gold,19,2
883,sq.ft.,price on req,Ready To Move,19.16697,73.072915,Dombivli East,Lodha Casa Bella Gold,19,2
668,sq.ft.,5350000,Ready to move,19.153784,73.077967,Nilje Gaon,Lodha Casa Rio Gold,8,1
585,sq.ft.,4400000,Ready to move,19.2161427,73.0989616,Dombivli East,Lodha Casa Rio Dombivli East,8,1
449,sq.ft.,3500000,Ready to move,19.2161427,73.0989616,Dombivli East,Lodha Casa Rio Dombivli East,8,2
449,sq.ft.,3100000,Ready to move,19.153784,73.077967,Nilje Gaon,Lodha Casa Rio Gold,8,2
686,sq.ft.,5300000,Ready to move,19.2161427,73.0989616,Dombivli East,Lodha Casa Rio Dombivli East,8,1
686,sq.ft.,5400000,Ready to move,19.2161427,73.0989616,Dombivli East,Lodha Casa Rio Dombivli East,8,1
449,sq.ft.,3250000,Ready to move,19.1461578,73.0777196,Dombivli East,Lodha Casa Rio Dombivli East,8,2
449,sq.ft.,3200000,Ready to move,19.2161427,73.0989616,Dombivli East,Lodha Casa Rio Dombivli East,8,2
685,sq.ft.,5250000,Ready to move,19.2161427,73.0989616,Dombivli East,Lodha Casa Rio Dombivli East,8,2
686,sq.ft.,5200000,Ready to move,19.1665248,73.0751571,Dombivli East,Lodha Casa Bella Gold,18,2
667,sq.ft.,6000000,Ready to move,19.1741963,73.0700883,Dombivli East,Lodha Casa Bella,8,2
642,sq.ft.,5000000,Ready to move,19.1720825,73.0727352,Dombivli East,Lodha Casa Bella Gold,18,2
598,sq.ft.,4100000,Ready to move,19.1694773,73.0742128,Dombivli East,Lodha Casa Bella Gold,18,2
524,sq.ft.,price on req,Ready To Move,19.147568,73.0769033,Dombivli East,Lodha Exotica,22,2
963,sq.ft.,price on req,Ready To Move,19.1700817,73.0740998,Dombivli East,Lodha Casa Bella Gold,18,2
883,sq.ft.,price on req,Ready To Move,19.144876,73.0779079,Dombivli East,Lodha Casa Rio Dombivli East,18,3
598,sq.ft.,4600000,Ready to move,19.1864862,73.0751335,Dombivli East,Runwal My City,32,1
881,sq.ft.,7000000,Ready to move,19.1763334,73.0683584,Dombivli East,Runwal My City,32,1
420,sq.ft.,3550000,Ready to move,19.1505495,73.0786671,Dombivli East,Lodha Casa Rio Dombivli East,8,2
410,sq.ft.,3600000,Ready to move,19.1542316,73.077339,Nilje Gaon,Lodha Casa Rio Gold,8,1
667,sq.ft.,5700000,Ready to move,19.1499486,73.0781845,Nilje Gaon,Lodha Casa Rio Gold,8,2
495,sq.ft.,3400000,Ready to move,19.1492092,73.078481,Dombivli East,Lodha Casa Rio Dombivli East,8,2
685,sq.ft.,5200000,Ready to move,19.1714453,73.112652,Dombivli East,Lodha Lakeshore Greens,18,2
686,sq.ft.,5500000,Ready to move,19.1584366,73.1144407,Dombivli East,Lodha Palava Downtown,18,1
570,sq.ft.,4300000,Ready to move,19.1582188,73.1155468,Dombivli East,Lodha Palava Downtown,18,2
384,sq.ft.,price on req,Ready To Move,19.20697,73.096559,Dombivli East,Lodha Palava Lakeshore Green,18,2
524,sq.ft.,price on req,Ready To Move,19.20697,73.096559,Dombivli East,Lodha Palava Downtown,18,2
704,sq.ft.,price on req,Ready To Move,19.20697,73.096559,Dombivli East,Lodha Palava Lakeshore Green,18,2
716,sq.ft.,5250000,Ready to move,19.20697,73.096559,Dombivli East,Lodha Palava Lakeshore Green,18,3
585,sq.ft.,4350000,Ready to move,19.20697,73.096559,Dombivli East,Lodha Palava Downtown,18,1
734,sq.ft.,5799000,Ready to move,19.162954,73.083056,Dombivli East,Lodha Palava Downtown,18,1
868,sq.ft.,6450000,Ready to move,19.17099,73.113277,Dombivli East,Lodha Lakeshore Greens,18,1
489,sq.ft.,3100000,Ready to move,19.17099,73.113277,Dombivli East,Lodha Lakeshore Greens,18,2
425,sq.ft.,3100000,Ready to move,19.17099,73.113277,Dombivli East,Lodha Lakeshore Greens,18,3
778.5,sq.ft.,5233077,Ready To Move,19.168341,73.073962,Dombivli East,Lodha Palava City,7,1
1026,sq.ft.,6035958,Ready To Move,19.168341,73.073962,Dombivli East,Lodha Palava City,8,2
1345.5,sq.ft.,price on req,Ready To Move,19.168341,73.073962,Dombivli East,Lodha Palava City,8,2
496,sq.ft.,3100000,Ready to move,19.168341,73.073962,Dombivli East,Lodha Palava City,8,2
687,sq.ft.,5200000,Ready to move,19.168341,73.073962,Dombivli East,Lodha Palava City,8,1
685,sq.ft.,5200000,Ready to move,19.168341,73.073962,Dombivli East,Lodha Palava City,8,2
686,sq.ft.,5200000,Ready to move,19.168341,73.073962,Dombivli East,Lodha Palava City,8,1
495,sq.ft.,3200000,Ready to move,19.168341,73.073962,Dombivli East,Lodha Palava City,14,1
585,sq.ft.,4100000,Ready to move,19.168341,73.073962,Dombivli East,Lodha Palava City,14,2
449,sq.ft.,3100000,Ready to move,19.168341,73.073962,Dombivli East,Lodha Palava City,14,3
703,sq.ft.,7641624.5,Ready To Move,19.168341,73.073962,Dombivli East,Lodha Palava City,14,2
917.5,sq.ft.,9796430,Ready To Move,19.168341,73.073962,Dombivli East,Lodha Palava City,14,3
490,sq.ft.,5831033.5,Ready To Move,19.20697,73.096559,Dombivli East,Lodha Casa Bella Gold,19,2
703,sq.ft.,7641624.5,Ready To Move,19.20697,73.096559,Dombivli East,Lodha Casa Bella Gold,18,2
917.5,sq.ft.,9796430,Ready To Move,19.200706,73.098635,Dombivli East,Lodha Casario,8,2
628,sq.ft.,5850000,Ready to move,19.20697,73.096559,Dombivli East,Lodha Casario,8,2
524,sq.ft.,6650000,Ready to move,19.22551,73.09673,thakurli,Shree Chamunda Garden,8,1
667,sq.ft.,5300000,Ready to move,19.19961,73.0884789,Dombivli East,Green Heritage CHS,7,2
686,sq.ft.,5500000,Ready to move,19.20697,73.096559,Dombivli East,Lodha Palava City,14,2
450,sq.ft.,4700000,Ready to move,19.227362,73.105362,thakurli,Vitthal Plaza,7,2
650,sq.ft.,4300000,Ready to move,19.20697,73.096559,Dombivli East,Surya Vihar Society,2,2
754,sq.ft.,6000000,Ready to move,19.206886,73.082517,Mhatre Nagar,Jay Ambe CHS,7,2
750,sq.ft.,5500000,Ready to move,19.170611,73.111267,Dombivli East,Lodha Palava Lakeshore Green,18,2
870,sq.ft.,7200000,Ready to move,19.20697,73.096559,Dombivli East,sunflower chs ,5,1
550,sq.ft.,3500000,Ready to move,19.20697,73.096559,Dombivli East,kishan heights,6,1
590,sq.ft.,4600000,Ready to move,19.179273,73.075743,Dombivli East,Runwal My City,23,3
449,sq.ft.,4800000,Ready to move,19.179869,73.297999,Dombivli East,Sai Balaji Estate,22,1
420,sq.ft.,3300000,Ready to move,19.179869,73.297999,Dombivli East,Sai Balaji Estate,22,2
389.5,sq.ft.,2950000,Under Construction,19.23403,73.088799,Kumbharkhan Pada,Shankeshwar Palms,7,2
552.495,sq.ft.,5324761.5,Under Construction,19.210276,73.106467,Dombivli East,Dombivali Geeta CHS,7,1
318.665,sq.ft.,price on req,Under Construction,19.200706,73.098635,Dombivli East,Lodha Casario,19,2
625,sq.ft.,7500000,Ready to move,19.179273,73.075743,Dombivli East,Runwal My City,23,3
600,sq.ft.,2700000,Ready to move,19.204657,73.09373,Dombivli East,Shree Sadguru Krupa Srushti,6,1
475,sq.ft.,4775000,Ready to move,19.195541,73.095466,Sagaon,Ramchandra Park,5,1
550,sq.ft.,4000000,Ready to move,19.20697,73.096559,Dombivli East,Mount View,4,1
425,sq.ft.,2100000,Ready to move,19.188339,73.084653,Desale Pada,Gaondevi Chs Ltd.,4,1
590,sq.ft.,3800000,Ready to move,19.205588,73.095708,Dombivli East,Sneh Sudama,5,2
415,sq.ft.,3200000,Ready to move,19.20697,73.096559,Dombivli East,Neelsidhi Balaji Garden,15,3
1150,sq.ft.,8500000,Ready to move,19.1928789,73.0948305,Dombivli East,Sanghvi Shankheshwar Nagar,4,2
900,sq.ft.,10900000,Ready to move,19.20697,73.096559,Dombivli East,Lodha Palava City,18,2
450,sq.ft.,3200000,Ready to move,19.205209,73.100231,Dombivli East,Genevia Building,8,1
420,sq.ft.,2650000,Ready to move,19.20697,73.096559,Dombivli East,Geet Ganga,4,3
449,sq.ft.,3600000,Ready to move,19.20697,73.096559,Dombivli East,Shree anant dham chs,5,1
1100,sq.ft.,12000000,Ready to move,19.20697,73.096559,Dombivli East,Dream Home Interior,4,1
792,sq.ft.,5700000,Ready to move,19.1890457,73.0835822,Dombivli East,Lodha Panacea,15,1
480,sq.ft.,2700000,Ready to move,19.211628,73.097735,Dombivli East,Samruddhi Guruprasad,7,1
430,sq.ft.,2100000,Ready to move,19.20697,73.096559,Dombivli East,sada sukh chs,5,2
495,sq.ft.,4700000,Ready to move,19.20697,73.096559,Dombivli East,Lodha Palava Casa Rio Gold,19,3
841,sq.ft.,9500000,Ready to move,19.201308,73.112344,Dombivli East,Asha Paradise,5,1
800,sq.ft.,7200000,Ready to move,19.20697,73.096559,Dombivli East,goverdhan dham,5,1
1080,sq.ft.,7200000,Ready to move,19.162954,73.083056,Dombivli East,Lodha Palava Downtown,20,1
475,sq.ft.,4000000,Ready to move,19.20697,73.096559,Dombivli East,Ira Icon,7,1
500,sq.ft.,5550000,Ready to move,19.205511,73.104527,Dombivli East,Shanti Upvan CHS,7,1
345,sq.ft.,2000000,Ready to move,19.209524,73.079897,Dombivli East,Neelsidhi Balaji Garden,15,2
450,sq.ft.,3000000,Ready to move,19.205427,73.104625,Dombivli East,Laxmi Raj Apartment,4,1
510,sq.ft.,3700000,Ready to move,19.212162,73.102842,Azde Gaon,Balaji Society,3,1
350,sq.ft.,1500000,Ready to move,19.20697,73.096559,Dombivli East,Shree Samarth Krupa Chs,0,0
580,sq.ft.,4100000,Ready to move,19.4540354,73.3708696,Desale Pada,New Mourya Deep Chs,4,1
340,sq.ft.,1500000,Ready to move,19.22551,73.09673,thakurli,Balaji Aangan,7,1
498,sq.ft.,4300000,Ready to move,19.168341,73.073962,Dombivli East,Lodha Palava City,14,3
490,sq.ft.,5831033.5,Ready To Move,19.212987,73.110513,Dombivli East,Shankeshwar Nagar CHS,7,1
703,sq.ft.,7641624.5,Ready To Move,19.210926,73.101099,Dombivli East,Deepali Kunj CHS,4,1
917.5,sq.ft.,9796430,Ready To Move,19.22551,73.09673,thakurli,ankita co operative housing society ltd,5,1
485,sq.ft.,4000000,Ready to move,19.195541,73.095466,Sagaon,Jagannath Dham,5,1
630,sq.ft.,6500000,Ready to move,19.20697,73.096559,Dombivli East,j m nagar chs,4,2
640,sq.ft.,3200000,Ready to move,19.20697,73.096559,Dombivli East,siddheshwr palm chs ltd,7,1
890,sq.ft.,11500000,Ready to move,19.17099,73.113277,Dombivli East,Lodha Lakeshore Greens,18,2
466.83,sq.ft.,price on req,Under Construction,19.196824,72.8565789,Dombivli East,Shree Shankheshwar Nagar,4,1
509.725,sq.ft.,price on req,Under Construction,19.20697,73.096559,Dombivli East,Vinayak Garden,7,1
754.12,sq.ft.,price on req,Under Construction,73.10902,19.245098,thakurli,Shree Niwas society Thakurli ,6,2
385,sq.ft.,2000000,Ready to move,19.16697,73.072915,Dombivli East,Lodha Casa Bella Gold,19,2
675,sq.ft.,6500000,Ready to move,19.207797,73.104244,Dombivli East,Sai Dhara Towers,8,1
870,sq.ft.,6700000,Ready to move,19.210937,73.101595,Sagarli,Suresh Complex,4,1
576,sq.ft.,6600000,Ready to move,19.205247,73.106393,Dombivli East,Guru Milan CHS,4,1
415,sq.ft.,2500000,Ready to move,19.168341,73.073962,Dombivli East,Lodha Palava City,7,1
720,sq.ft.,4500000,Ready to move,19.205342,73.100168,Dombivli East,Shree Shiv Sagar CHS,4,2
720,sq.ft.,4300000,Ready to move,19.205342,73.100168,Dombivli East,Shree Shiv Sagar CHS,3,2
500,sq.ft.,1900000,Ready to move,19.245098,73.10902,Azde Gaon,jasmine chs,4,1
400,sq.ft.,2500000,Ready to move,19.200215,73.084646,Nandivli,Mauli Residency,4,1
421,sq.ft.,4000000,Ready to move,19.23403,73.088799,Kumbharkhan Pada,Shankeshwar Palms,7,1
854,sq.ft.,7200000,Ready to move,19.17099,73.113277,Dombivli East,Lodha Lakeshore Greens,18,3
520,sq.ft.,4200000,Ready to move,19.20697,73.096559,Dombivli East,Shankeshwar Nagar CHS,4,1
450,sq.ft.,5000000,Ready to move,19.215852,73.086603,Ramnagar,Society,4,1
640,sq.ft.,6200000,Ready to move,19.20697,73.096559,Dombivli East,Kulswamini Srushti Residency,7,2
435,sq.ft.,2700000,Ready to move,19.20697,73.096559,Dombivli East,Shree Balaji Garden,7,1
460,sq.ft.,3600000,Ready to move,19.20697,73.096559,Dombivli East,Lodha Casa Rio Dombivli East,8,1
480,sq.ft.,4800000,Ready to move,19.22586,73.0974,thakurli,Om Residency,7,1
766,sq.ft.,8300000,Ready to move,19.22222,73.100274,Chole Gaon,Shiv Vithai Galaxy CHSL,10,2
759.93,sq.ft.,9000000,Ready to move,19.179273,73.075743,Dombivli East,Runwal My City,32,3
421,sq.ft.,3500000,Ready to move,19.20697,73.096559,Dombivli East,Gulmohar Apartment,7,1
497,sq.ft.,6500000,Ready to move,19.20697,73.096559,Dombivli East,Runwal My City,32,2
350,sq.ft.,2600000,Ready to move,19.20697,73.096559,Dombivli East,Classic co-0pration Ltd,3,1
340,sq.ft.,3100000,Ready to move,19.20697,73.096559,Dombivli East,j m villa bldg,4,1
1300,sq.ft.,7600000,Ready to move,19.170611,73.111267,Dombivli East,Lodha Palava Lakeshore Green,18,3
800,sq.ft.,7500000,Ready to move,19.20697,73.096559,Dombivli East,Shree swaroop SOCIETY AYRE ROAD ,3,2
700,sq.ft.,11500000,Ready to move,19.21497,73.096264,Dombivli East,Bhagyodaya CHS,6,2
457,sq.ft.,3800000,Ready to move,19.2054126,73.1320485,Nandivali Gaon,aai ekvira apartment,3,1
250,sq.ft.,2500000,Ready to move,19.212214,73.096779,Dombivli East,Balaji Jyot CHS,4,1
305,sq.ft.,2300000,Ready to move,19.206581,73.099787,Dombivli East,Panchajanya CHS,7,2
850,sq.ft.,8500000,Ready to move,19.198221,73.100871,Sonar Pada,Royal Regency,4,1
399,sq.ft.,2800000,Ready to move,19.22296,73.099905,thakurli,Happy Sarvodaya Trilok,10,1
400,sq.ft.,4900000,Ready to move,19.20697,73.096559,Dombivli East,shivam complex rajaji path,4,1
486,sq.ft.,4200000,Ready to move,19.20697,73.096559,Dombivli East,Runwal My City,32,2
491.21,sq.ft.,5200000,Ready to move,19.1453387,73.0773048,Nilje Gaon,Lodha Casa Rio Gold,7,1
497,sq.ft.,3800000,Ready to move,19.1946268,73.0871682,Bhadra Nagar,Mourya Deep Apartment,5,1
620,sq.ft.,4600000,Ready to move,19.22551,73.09673,thakurli,Shree Chamunda Garden,7,1
875,sq.ft.,6500000,Ready to move,19.211319,73.100986,Sagarli,Suresh Complex2,3,1
340,sq.ft.,2500000,Ready to move,19.2091535,73.0946466,Gograswadi,Silver Nest CHS,5,1
500,sq.ft.,5500000,Ready to move,19.20697,73.096559,Dombivli East,Ram Shyam CHS,4,1
580,sq.ft.,3500000,Ready to move,19.189227,73.218453,Dattanagar,Tulsi Sanidhya,8,1
605,sq.ft.,2700000,Ready to move,19.1758324,73.0692179,Dombivli East,Lodha Casa Bella Serena,19,2
637,sq.ft.,5000000,Ready to move,19.206393,73.096753,Dombivli East,Rajshree Complex,7,1
560,sq.ft.,2500000,Ready to move,19.160725,73.055552,Dombivli East,Marathon Nextown,18,1
450,sq.ft.,3600000,Ready to move,19.160725,73.055552,Dombivli East,Marathon Nextown,18,2
351.5,sq.ft.,3193002.5,Ready To Move,19.160725,73.055552,Dombivli East,Marathon Nextown,18,3
630,sq.ft.,5330430,Ready To Move,19.179273,73.075743,Dombivli East,Runwal My City,32,2
797,sq.ft.,7498973,Ready To Move,19.168341,73.073962,Dombivli East,Lodha Palava City,18,2
540,sq.ft.,3500000,Ready to move,19.204217,73.091808,P and T Colony,Vedant Complex,7,2
710,sq.ft.,7800000,Ready to move,19.22551,73.09673,thakurli,sarvodaya shanti,7,2
495,sq.ft.,4500000,Ready to move,19.206131,73.096513,Dombivli East,Krishna Highlands,7,1
980,sq.ft.,6850000,Ready to move,19.218005,73.094013,Pendse Nagar,Nav Rameshwar Darshan CHS,5,1
410,sq.ft.,3500000,Ready to move,19.20697,73.096559,Dombivli East,Sunflower CHS,5,1
590,sq.ft.,4500000,Ready to move,19.149914,73.08088,Nilje Gaon,Lodha Casario,8,2
542,sq.ft.,3400000,Ready to move,19.22551,73.09673,thakurli,New Prathamesh Niwas,4,1
400,sq.ft.,3700000,Ready to move,19.17099,73.113277,Dombivli East,Lodha Lakeshore Greens,18,3
1250,sq.ft.,13500000,Ready to move,19.202306,73.089502,Dombivli East,Vedant Complex,7,2
870,sq.ft.,7500000,Ready to move,19.183839,73.09589,Dombivli East,Advance Legacy,7,1
710,sq.ft.,7800000,Ready to move,19.21833,72.97809,MIDC,Balaji Darshan,4,1
380,sq.ft.,3200000,Under Construction,19.168341,73.073962,Dombivli East,Lodha Palava City,19,3
540,sq.ft.,3950000,Ready to move,19.2161427,73.0989616,Dombivli East,Gurukrupa Rishikesh,7,3
605,sq.ft.,price on req,Ready To Move,19.20572,73.09553,Dombivli East,Lodha Palava Casa Elite,18,1
750,sq.ft.,price on req,Ready To Move,19.153784,73.077967,Nilje Gaon,Lodha Casa Rio Gold,8,2
525,sq.ft.,4200000,Ready to move,19.2161427,73.0989616,Dombivli East,Rachana Marvel,6,3
610,sq.ft.,4800000,Ready to move,19.204835,73.087314,Sunil Nagar,Royal Residency,7,1
950,sq.ft.,12000000,Ready to move,19.188339,73.084653,Desale Pada,Vedant Orchid Residency,7,1
625,sq.ft.,3550000,Ready to move,19.22551,73.09673,thakurli,Tulsi Sadan CHS,4,1
718,sq.ft.,7500000,Ready to move,19.216293,73.11002,Dombivli East,Shree Ravi Kiran,7,1
360,sq.ft.,3100786,Ready to move,19.160725,73.055552,Dombivli East,Marathon Nextown,18,1
650,sq.ft.,2300000,Ready to move,19.211319,73.100986,Sagarli,Rudraksh Co-operative Society,4,2
419.26,sq.ft.,4200000,Ready to move,19.168341,73.073962,Dombivli East,Lodha Palava City,8,1
550,sq.ft.,3800000,Ready to move,19.204496,73.08743,Sunil Nagar,Gopal Baug,7,3
585,sq.ft.,3600000,Ready to move,19.20697,73.096559,Dombivli East,Lodha Lakeshore Greens,18,2
815,sq.ft.,11000000,Ready to move,19.20697,73.096559,Dombivli East,Lodha Palava Lakeshore Green,19,1
710,sq.ft.,5500000,Ready to move,19.156763,73.081728,Nilje Gaon,Lodha Casa Rio Gold,7,2
440,sq.ft.,3800000,Ready to move,19.162954,73.083056,Dombivli East,Lodha Palava Downtown,18,1
545,sq.ft.,5200000,Ready to move,19.20697,73.096559,Dombivli East,shreepad apartment saraswat colony,4,1
403,sq.ft.,4400000,Ready to move,19.222716,73.104047,thakurli,Shree Chamunda Garden,7,1
449,sq.ft.,3100000,Ready to move,19.21614,73.0989616,Dombivli East,Casa Rio Palava,8,1
638,sq.ft.,4600000,Ready to move,19.17099,73.113277,Dombivli East,Lodha Lakeshore Greens,18,2
506,sq.ft.,5500000,Ready to move,19.20697,73.096559,Dombivli East,Lodha Lakeshore Greens,18,1
485,sq.ft.,3700000,Ready to move,19.20697,73.096559,Dombivli East,Lodha Casa Bella,19,1
430,sq.ft.,4500000,Ready to move,19.179273,73.075743,Dombivli East,Runwal My City,32,1
537,sq.ft.,4200000,Ready to move,19.170611,73.111267,Dombivli East,Lodha Palava Lakeshore Green,18,1
510,sq.ft.,4100000,Ready to move,19.211967,73.096415,Gograswadi,Akshay Sagar Apartment,4,1
430,sq.ft.,4600000,Ready to move,19.160725,73.055552,Dombivli East,Marathon Nextown,18,1
425,sq.ft.,2300000,Ready to move,19.184246,73.097164,Sonar Pada,Vignesh plaza,4,1
480,sq.ft.,8000000,Ready to move,19.20697,73.096559,Dombivli East,varadvinayak society ,6,1
461,sq.ft.,4500000,Ready to move,19.20697,73.096559,Dombivli East,Amber Star,7,1
405,sq.ft.,5000000,Ready to move,19.22551,73.09673,thakurli,Shree Chamunda Garden,7,1
451,sq.ft.,4000000,Ready to move,19.174429,73.069306,Dombivli East,Lodha Casa Bella,17,1
386,sq.ft.,2800000,Ready to move,19.216642,73.127506,Nandivali Gaon,Shree Gaondevi krupa ,4,1
785,sq.ft.,7500000,Ready to move,19.168341,73.073962,Dombivli East,Lodha Palava City,14,3
275,sq.ft.,1400000,Ready to move,19.20697,73.096559,Dombivli East,vijay drishti,8,1
444,sq.ft.,6000000,Ready to move,19.209134,73.103989,Dombivli East,Casa Fontana,18,1
525,sq.ft.,3800000,Ready to move,73.113277,19.17099,Dombivli East,Lodha Lakeshore Greens,18,1
460,sq.ft.,3100000,Ready to move,19.20697,73.096559,Dombivli East,Ekveera darshan chs,4,1
750,sq.ft.,5800000,Ready to move,19.20697,73.096559,Dombivli East,vastu vihar,4,2
660,sq.ft.,4700000,Ready to move,19.20697,73.096559,Dombivli East,Siddharth Riverwood Park,7,2
450,sq.ft.,3600000,Ready to move,19.20697,73.096559,Dombivli East,Lodha Palava Casa Rio Gold,7,1
535,sq.ft.,6500000,Ready to move,19.208389,73.095177,Dombivli East,Lodha Casa Rio Amazona,8,2
340,sq.ft.,4099999,Ready to move,19.181137,73.06358,Dombivli East,Anantnath And Forever City,19,1
600,sq.ft.,4500000,Ready to move,19.201839,73.091629,Dombivli East,Star Colony,4,2
846,sq.ft.,8500000,Ready to move,19.20697,73.096559,Dombivli East,Lodha Lakeshore Greens,18,3
550,sq.ft.,3000000,Ready to move,19.19585,73.095828,Sagaon,AK Balaji Vaibhav,4,1
550,sq.ft.,6200000,Ready to move,19.179273,73.075743,Dombivli East,Runwal My City,28,2
350,sq.ft.,2800000,Ready to move,19.20501,73.093895,Gandhi Nagar,Trimbak Residency ,4,1
570,sq.ft.,4200000,Ready to move,19.211319,73.100986,Sagarli,Shri Swami Sandesh,3,1
353,sq.ft.,2700000,Ready to move,19.20697,73.096559,Dombivli East,pushpalata chs,4,1
520,sq.ft.,5750000,Ready to move,19.168341,73.073962,Dombivli East,Lodha Palava City,14,2
340,sq.ft.,2200000,Ready to move,19.193659,73.082823,Dombivli East,Vishnu Ritu Plaza,7,1
438,sq.ft.,7450000,Ready to move,19.20697,73.096559,Dombivli East,Nav Dombivli CHSL,7,1
475,sq.ft.,4500000,Ready to move,19.20697,73.096559,Dombivli East,Sarvodaya Anand CHS,7,1
305,sq.ft.,2800000,Ready to move,19.168341,73.073962,Dombivli East,Lodha Palava City,14,1
645,sq.ft.,7200000,Ready to move,19.191743,73.091393,Dombivli East,Sarvodaya Anand CHS,8,2
625,sq.ft.,4300000,Ready to move,19.211673,73.095298,Gograswadi,Ramrang CHS,3,1
750,sq.ft.,6000000,Ready to move,19.20697,73.096559,Dombivli East,Lodha Lakeshore Greens,18,2
450,sq.ft.,4500000,Ready to move,19.159614,73.071246,Dombivli East,Siddharth Riverwood Park,27,1
418,sq.ft.,4200000,Ready to move,19.160725,73.055552,Dombivli East,Marathon Nextown,13,1
500,sq.ft.,5200000,Ready to move,19.179273,73.075743,Dombivli East,Runwal My City,27,2
705,sq.ft.,9000000,Ready to move,19.20697,73.096559,Dombivli East,Laxman Mukund CHS,4,2
565,sq.ft.,7500000,Ready to move,19.20697,73.096559,Dombivli East,Opp KDMC office Dombivli east,4,1
416,sq.ft.,2700000,Ready to move,19.20697,73.096559,Dombivli East,arjun heights,7,1
550,sq.ft.,5000000,Ready to move,19.2161427,73.0989616,Dombivli East,Lodha Palava Casa Eviva,18,1
520,sq.ft.,5200000,Ready to move,19.215852,73.086603,Ramnagar,Shree Guru Mauli Chhaya,4,2
570,sq.ft.,5500000,Ready to move,19.168341,73.073962,Dombivli East,Lodha Palava City,14,2
845,sq.ft.,5800000,Ready to move,19.20697,73.096559,Dombivli East,Dhanashree Prathama,3,2
595,sq.ft.,3900000,Ready to move,19.205795,73.095401,Dombivli East,RK Constructions Sadguru Residency,40,1
710,sq.ft.,5500000,Ready to move,19.20697,73.096559,Dombivli East,Pallava,18,2
495,sq.ft.,3500000,Ready to move,19.153784,73.077967,Nilje Gaon,Lodha Casa Rio Gold,7,1
495,sq.ft.,3400000,Ready to move,19.156763,73.081728,Nilje Gaon,Lodha Casa Rio Gold,7,1
680,sq.ft.,8200000,Ready to move,19.209524,73.079897,Dombivli East,Neelsidhi Balaji Garden,15,2
650,sq.ft.,5800000,Ready to move,19.162954,73.083056,Dombivli East,Lodha Palava Downtown,18,3
442,sq.ft.,4000000,Ready to move,19.16697,73.072915,Dombivli East,Lodha Casa Bella Gold,8,1
398,sq.ft.,4200000,Ready to move,19.20697,73.096559,Dombivli East,Casa Aurelia E,18,1
506,sq.ft.,4400000,Ready to move,19.20697,73.096559,Dombivli East,Lodha Palava City,18,1
650,sq.ft.,5600000,Ready to move,19.211485,73.09616,Gograswadi,Tushar Villa,4,1
1200,sq.ft.,14000000,Ready to move,19.200471,73.11224,Dawadi Gaon,Flat no 503 building no 19a regency estate,7,3
890,sq.ft.,7200000,Ready to move,19.17099,73.113277,Dombivli East,Lodha Lakeshore Greens,21,3
750,sq.ft.,2700000,Ready to move,19.195599,73.094745,Sagaon,Riddhi Siddhi Apartments,4,1
485,sq.ft.,3200000,Ready to move,19.211319,73.100986,Sagarli,riverwood,4,1
596,sq.ft.,6500000,Ready to move,19.174429,73.069306,Dombivli East,Lodha Casa Bella,18,2
350,sq.ft.,2800000,Ready to move,19.19212498,73.08685832,Desale Pada,Krishna Highlands,7,1
537,sq.ft.,4200000,Ready to move,19.17099,73.113277,Dombivli East,Lodha Lakeshore Greens,18,1
909,sq.ft.,5600000,Ready to move,19.168341,73.073962,Dombivli East,Lodha Palava City,14,2
500,sq.ft.,4500000,Ready to move,19.223726,73.100656,thakurli,Kathod Heights,8,1
350,sq.ft.,1900000,Ready to move,19.20697,73.096559,Dombivli East,Jai Ganesh Apartment,4,1
650,sq.ft.,7600000,Ready to move,19.20697,73.096559,Dombivli East,Lodha Palava Casa Bella,18,2
636,sq.ft.,4800000,Ready to move,19.168341,73.073962,Dombivli East,Lodha Palava City,14,2
475,sq.ft.,3500000,Ready to move,19.21014,73.09396,Dombivli East,Dombivali Prafful Housing,7,1
420,sq.ft.,4600000,Ready to move,19.204835,73.087314,Sunil Nagar,nav pavati dham,3,1
510,sq.ft.,3200000,Ready to move,19.202427,73.100084,Dombivli East,Vedant Krishna Pride,7,1
600,sq.ft.,1900000,Ready to move,19.195365,73.095565,Sagaon,Bhargav Palace,5,1
580,sq.ft.,4300000,Ready to move,19.1658883,73.0733908,Dombivli East,Lodha Palava Codename Riverside,7,1
500,sq.ft.,6000000,Ready to move,19.212849,73.095778,Gograswadi,Sant Krupa Shree Santwani CHS,4,1
403,sq.ft.,4500000,Ready to move,19.159614,73.071246,Dombivli East,Siddharth Riverwood Park,22,1
495,sq.ft.,3800000,Ready to move,19.22551,73.09673,thakurli,Om Hari Darshan Chs,4,1
511.93,sq.ft.,5500000,Ready to move,19.179273,73.075743,Dombivli East,Runwal My City,32,2
638,sq.ft.,6500000,Ready to move,19.200706,73.098635,Dombivli East,Lodha Casario,7,2
485,sq.ft.,4500000,Ready to move,19.215852,73.086603,Ramnagar,Om gurunath CHS,5,1
260,sq.ft.,1500000,Ready to move,19.206434,73.096499,Dombivli East,Shankar Parvati CHS,4,1
445,sq.ft.,3500000,Ready to move,18.469662,73.830296,Desale Pada,Suman Heights,7,1
412,sq.ft.,2199000,Ready to move,18.476061,73.820463,Nilje Gaon,Shanti Garden,4,1
495,sq.ft.,3200000,Ready to move,19.168341,73.073962,Dombivli East,Lodha Palava City,7,1
450,sq.ft.,3060000,Ready to move,19.211967,73.096415,Gograswadi,Ajantha Darshan Society,4,1
584,sq.ft.,5500000,Ready to move,19.168341,73.073962,Dombivli East,Lodha Palava City,8,2
420,sq.ft.,3500000,Ready to move,19.19885,73.10342,Dombivli East,Shri Shankhehwar Garden,4,1
450,sq.ft.,4500000,Ready to move,19.20697,73.096559,Dombivli East,Eleganta Apartment,7,2
650,sq.ft.,5500000,Ready to move,19.20697,73.096559,Dombivli East,Casa Rio Arabiana,9,2
470,sq.ft.,3900000,Ready to move,19.20697,73.096559,Dombivli East,Lodha Palava City,14,1
535,sq.ft.,2600000,Ready to move,19.196198,73.09144,Dombivli East,Anjani Paradise,5,1
400,sq.ft.,2600000,Ready to move,19.21833,72.97809,Sagaon,Om Namo Gurudutt Chs,6,1
542,sq.ft.,5800000,Ready to move,19.20697,73.096559,Dombivli East,Runwal My City,27,2
890,sq.ft.,7200000,Ready to move,19.211967,73.096415,Gograswadi,Shree Sai Balaji Darshan,7,2
500,sq.ft.,4300000,Ready to move,19.17099,73.113277,Dombivli East,Lodha Lakeshore Greens,16,1
500,sq.ft.,3500000,Ready to move,19.156763,73.081728,Nilje Gaon,Lodha Casa Rio Gold,7,1
496,sq.ft.,5200000,Ready to move,19.20697,73.096559,Dombivli East,Ghanshyam co-operative housing society ltd,4,1
720,sq.ft.,8500000,Under Construction,19.20697,73.096559,Dombivli East,Paradise Sai World Dreams,36,2
450,sq.ft.,4700000,Under Construction,19.20697,73.096559,Dombivli East,Paradise Sai World Dreams,36,1
350,sq.ft.,3900000,Ready to move,19.206393,73.096753,Dombivli East,Rajshree Complex,7,1
460,sq.ft.,4200000,Ready to move,19.16697,73.072915,Dombivli East,Lodha Casa Bella Gold,8,1
706,sq.ft.,6000000,Ready to move,19.170611,73.111267,Dombivli East,Lodha Palava Lakeshore Green,18,2
718,sq.ft.,7000000,Ready to move,19.22551,73.09673,thakurli,Happy Home Sarvodaya Hill,16,2
456,sq.ft.,4200000,Ready to move,19.160725,73.055552,Dombivli East,Marathon Nextown,18,1
1000,sq.ft.,9000000,Ready to move,19.22551,73.09673,thakurli,Happy Home Sarvodaya Aashish,7,2
375,sq.ft.,3500000,Ready to move,19.20697,73.096559,Dombivli East,jeevan Shilpa ,4,1
750,sq.ft.,5000000,Ready to move,19.20825,73.084158,Tukaram Nagar,Vrundavan Society,4,1
638,sq.ft.,5200000,Ready to move,19.20697,73.096559,Dombivli East,Lodha Lakeshore Greens,18,2
570,sq.ft.,4000000,Ready to move,19.20501,73.093895,Gandhi Nagar,Narayan Smruti CHS,4,1
640,sq.ft.,7800000,Ready to move,19.20697,73.096559,Dombivli East,Draupadi Niwas,7,1
550,sq.ft.,3315000,Ready to move,19.20697,73.096559,Dombivli East,Om Sai Pooja CHS,4,1
570,sq.ft.,3000000,Ready to move,19.20697,73.096559,Dombivli East,Rohideshwar chs,3,1
610,sq.ft.,3800000,Ready to move,19.168341,73.073962,Dombivli East,Lodha Palava City,14,3
1000,sq.ft.,7000000,Ready to move,19.190832,73.100959,Dombivli East,Green Heritage CHS,7,1
400,sq.ft.,2700000,Ready to move,19.167934,73.071971,Dombivli East,Lodha Golflinks,7,3
1550,sq.ft.,21000000,Ready to move,19.22551,73.09673,thakurli,"Shree Krushna Plaza, 90FT road, Thakurli (East)",12,2
875,sq.ft.,6600000,Ready to move,19.153784,73.077967,Nilje Gaon,Lodha Casa Rio Gold,8,2
498,sq.ft.,5780000,Ready to move,19.209134,73.103989,Dombivli East,Casa Fontana,18,2
400,sq.ft.,3000000,Ready to move,19.200706,73.098635,Dombivli East,Lodha Casario,12,2
500,sq.ft.,3500000,Ready to move,19.20697,73.096559,Dombivli East,Sanghvi Shankheshwar Nagar,8,2
785,sq.ft.,5100000,Ready to move,19.202861,73.104065,Dombivli East,Kartikey Darshan,3,1
596,sq.ft.,5950000,Ready to move,19.200138,73.099763,Dombivli East,Om Shree Dhanlaxmi CHS,4,1
650,sq.ft.,5000000,Ready to move,19.218791,73.096581,Dombivli East,Vijay Smruti CHS,4,1
470,sq.ft.,3400000,Ready to move,19.2161427,73.0989616,Dombivli East,Lodha Palava Casa Rio Gold,8,2
686,sq.ft.,5600000,Ready to move,0,0,Dawadi Gaon,Om Sai,7,2
600,sq.ft.,4000000,Ready to move,19.2183307,72.9780897,Sagaon,Ramchandra Park,6,1
435,sq.ft.,2800000,Ready to move,19.20697,73.096559,Dombivli East,Lodha Vihar,7,2
650,sq.ft.,4800000,Ready to move,19.20697,73.096559,Dombivli East,vrindavan society,5,2
672,sq.ft.,7300000,Ready to move,19.20697,73.096559,Dombivli East,lodha herritage,4,1
340,sq.ft.,2200000,Ready to move,19.168341,73.073962,Dombivli East,Lodha Palava City,8,1
449,sq.ft.,3100000,Ready to move,19.15406,73.11648,Dombivli East,Lodha Casa Marvella,18,2
585,sq.ft.,7500000,Ready to move,19.168341,73.073962,Dombivli East,Lodha Palava City,8,2
584,sq.ft.,4100000,Ready to move,19.168341,73.073962,Dombivli East,Lodha Palava City,8,1
449,sq.ft.,3000000,Ready to move,19.23572,73.0862735,Kumbharkhan Pada,Jai laxmi pooja CHS,4,1
415,sq.ft.,3200000,Ready to move,19.168341,73.073962,Dombivli East,Lodha Palava City,8,2
584,sq.ft.,4000000,Ready to move,19.168341,73.073962,Dombivli East,Lodha Palava City,8,2
686,sq.ft.,5200000,Ready to move,19.200471,73.11224,Dawadi Gaon,Gagangiri CHS,3,1
650,sq.ft.,2800000,Ready to move,19.236364,73.087207,Kumbharkhan Pada,Kanta Smruti Apartment,6,1
380,sq.ft.,3200000,Ready to move,19.218791,73.096581,Dombivli East,Vijay Smruti CHS,4,1
535,sq.ft.,4600000,Ready to move,19.20697,73.096559,Dombivli East,Anantnath And Forever City,19,2
574,sq.ft.,6800000,Ready to move,19.162954,73.083056,Dombivli East,Lodha Palava Downtown,18,2
370,sq.ft.,3900000,Ready to move,19.159614,73.071246,Dombivli East,Siddharth Riverwood Park,7,2
565,sq.ft.,5500000,Ready to move,19.22551,73.09673,thakurli,Vitthal Plaza,7,1
420,sq.ft.,4200000,Ready to move,19.20697,73.096559,Dombivli East,sai shakti chs,3,1
539.81,sq.ft.,5500000,Ready to move,19.20697,73.096559,Dombivli East,Lodha Casa Bella Gold,18,2
576,sq.ft.,4750000,Ready to move,19.168341,73.073962,Dombivli East,Lodha Palava City,7,2
550,sq.ft.,4500000,Ready to move,19.1941736,73.0871153,Desale Pada,ravi nest society,7,1
375,sq.ft.,1800000,Ready to move,19.20697,73.096559,Dombivli East,RAMKRUPA BLDG NO.1,4,2
820,sq.ft.,7000000,Ready to move,19.20697,73.096559,Dombivli East,devyani chs,3,1
790,sq.ft.,7500000,Ready to move,19.2057161,73.09553,Dombivli East,Vignesh Krupa,7,2
727,sq.ft.,8000000,Ready to move,19.20697,73.096559,Dombivli East,Nilkanth CHS,4,1
565,sq.ft.,6500000,Ready to move,19.215852,73.086603,Ramnagar,Sitaram chhaya society ,3,2
650,sq.ft.,9000000,Ready to move,19.17099,73.113277,Dombivli East,Lodha Lakeshore Greens,18,2
646,sq.ft.,4500000,Ready to move,19.211967,73.096415,Gograswadi,Ramrang CHS,4,1
546,sq.ft.,2300000,Ready to move,19.168341,73.073962,Dombivli East,Lodha Palava City,7,2
750,sq.ft.,4500000,Ready to move,19.224438,73.099604,thakurli,Riddhi Park,5,1
390,sq.ft.,4600000,Ready to move,19.20697,73.096559,Dombivli East,Sita Kunj,4,1
570,sq.ft.,3500000,Ready to move,19.204217,73.091808,P and T Colony,Kundalik Mhatre Apartment,4,1
340,sq.ft.,2100000,Ready to move,19.153784,73.077967,Nilje Gaon,Lodha Casa Rio Gold,7,2
635,sq.ft.,8500000,Ready to move,0,0,Dombivli East,Casa Rio Palava,8,1
604,sq.ft.,5300000,Ready to move,19.187914,73.086805,Dombivli East,Lodha Regency,4,2
480,sq.ft.,2600000,Ready to move,19.17099,73.113277,Dombivli East,Lodha Lakeshore Greens,17,1
686,sq.ft.,5500000,Ready to move,19.160725,73.055552,Dombivli East,Marathon Nextown,19,1
456,sq.ft.,4600000,Ready to move,19.216044,73.110835,Dombivli East,Koyana CHS,2,1
583,sq.ft.,4500000,Ready to move,19.20697,73.096559,Dombivli East,shree sadguru krupa complex,4,1
594,sq.ft.,6000000,Ready to move,19.213156,73.0902,Raghuveer Nagar,Madhavashram Nagar Apartment,5,1
825,sq.ft.,8500000,Ready to move,19.206709,73.104037,Dombivli East,Casa Rio Gardenia,7,2
622,sq.ft.,5200000,Ready to move,19.1928789,73.0948305,Dombivli East,Sanghvi Shankheshwar Nagar,4,1
900,sq.ft.,8500000,Ready to move,73.077967,19.153784,Nilje Gaon,Lodha Casa Rio Gold,7,2
693,sq.ft.,6900000,Ready to move,19.20697,73.096559,Dombivli East,mayaprem apartment,4,1
400,sq.ft.,4450000,Ready to move,19.174429,73.069306,Dombivli East,Lodha Casa Bella,19,3
798,sq.ft.,7500000,Ready to move,19.169439,73.07455387,Dombivli East,Lodha Casa Bella Gold,19,2
667,sq.ft.,6900000,Ready to move,19.245098,73.10902,P and T Colony,maya prem apartment,7,1
600,sq.ft.,3200000,Ready to move,19.200215,73.084646,Nandivli,Om Heights,5,1
402.76,sq.ft.,4300000,Ready to move,19.179273,73.075743,Dombivli East,Runwal My City,32,1
480,sq.ft.,4000000,Ready to move,19.20697,73.096559,Dombivli East,rbi employees swanand chs,4,1
1200,sq.ft.,8000000,Ready to move,19.220964,73.104126,Dombivli East,OM JEEVAN CHS,2,1
632,sq.ft.,5500000,Ready to move,19.168341,73.073962,Dombivli East,Lodha Palava City,14,2
471,sq.ft.,3500000,Ready to move,19.206301,73.093175,Dombivli East,Shree Ganesh Pranshu Pride,4,1
420,sq.ft.,2850000,Ready to move,19.156763,73.081728,Nilje Gaon,Chandresh Kunj Vihar CHS,4,1
500,sq.ft.,2600000,Ready to move,19.19585,73.095828,Sagaon,AK Balaji Vaibhav,5,1
685,sq.ft.,6100000,Ready to move,19.15117,72.83263,Dombivli East,Lodha Casa Rio Antartica,8,2
800,sq.ft.,7200000,Ready to move,19.2161,73.099,Dombivli East,River Scape Apartments,19,2
567,sq.ft.,5500000,Ready to move,19.215033,73.084206,Dombivli East,Aaditya smurti chs.,3,1
550,sq.ft.,4600000,Ready to move,19.210172,73.102412,Dombivli East,Ramdas Coop Complex,4,1
1470,sq.ft.,19500000,Ready to move,19.199372,73.109454,Sonar Pada,Regency Estate,12,4
975,sq.ft.,3300000,Ready to move,19.20697,73.096559,Dombivli East,Lakshmi Narayan CHS,4,2
1600,sq.ft.,18500000,Ready to move,19.167934,73.071971,Dombivli East,Lodha Golflinks,7,3
581,sq.ft.,4500000,Ready to move,19.2114956,73.103979,Azde Gaon,New Dhanashree Plaza,4,2
600,sq.ft.,5200000,Ready to move,19.1866494,73.0752235,Dombivli East,Runwal My City,27,2
510,sq.ft.,4000000,Ready to move,19.20697,73.096559,Dombivli East,Lodha Palava Downtown,18,1
520,sq.ft.,4500000,Ready to move,19.233269,73.08867,Dombivli East,Society,4,1
500,sq.ft.,2100000,Ready to move,19.20697,73.096559,Dombivli East,swaraj residency,5,1
945,sq.ft.,3600000,Ready to move,19.200215,73.084646,Nandivli,amruta park,4,2
585,sq.ft.,3800000,Ready to move,19.202079,73.09884,MIDC,Bharat Mata CHS,3,1
435,sq.ft.,4200000,Ready to move,19.167348,73.082059,Dombivli East,Versatile Valley,19,1
450,sq.ft.,6500000,Ready to move,19.22435,73.108853,Kanchangoan,Happy Sarvodaya Swaroop,13,1
970,sq.ft.,18000000,Ready to move,19.1700586,73.0722064,Dombivli East,Lodha Golflinks,7,3
450,sq.ft.,3200000,Ready to move,19.188339,73.084653,Desale Pada,Vinayak Pride CHS,8,1
565,sq.ft.,3300000,Ready to move,19.195541,73.095466,Sagaon,Maruti Complex,3,1
298,sq.ft.,2500000,Ready to move,19.20697,73.096559,Dombivli East,Crown Taloja,14,1
400,sq.ft.,5500000,Under Construction,18.646898,73.821181,MIDC,Lodha Heavan,16,1
355,sq.ft.,3200000,Ready to move,19.205427,73.111397,Dombivli East,Amba Mata Krupa CHS,4,1
600,sq.ft.,3400000,Ready to move,19.170611,73.111267,Dombivli East,Lodha Palava Lakeshore Green,18,1
467,sq.ft.,4200000,Ready to move,19.20697,73.096559,Dombivli East,lodha codename golden dream,12,1
305,sq.ft.,3000000,Ready to move,19.20697,73.096559,Dombivli East,laxmi sagar co op hsg society,4,1
580,sq.ft.,4500000,Under Construction,19.174429,73.069306,Dombivli East,Lodha Casa Bella,19,2
464,sq.ft.,4300000,Ready to move,19.245098,73.10902,Azde Gaon,Jai Malhar Chs,6,1
260,sq.ft.,2000000,Ready to move,19.211319,73.100986,Sagarli,Uma Ganraj CHS,3,1
430,sq.ft.,3000000,Ready to move,19.205247,73.106393,Dombivli East,Global Morya Diamond Plaza,6,1
280,sq.ft.,1500000,Ready to move,19.20697,73.096559,Dombivli East,suman paradise,22,1
530,sq.ft.,2500000,Ready to move,19.210099,73.098917,Dombivli East,Vasant Enclave,6,1
407,sq.ft.,5000000,Ready to move,19.210937,73.101595,Sagarli,Suresh Complex,4,1
460,sq.ft.,3400000,Ready to move,19.20697,73.096559,Dombivli East,Om Durvankur Apartment,4,2
1200,sq.ft.,8500000,Ready to move,19.20697,73.096559,Dombivli East,Lodha Palava Casa Bella,8,2
648,sq.ft.,4800000,Ready to move,19.217126,73.088262,Dombivli East,Shantaram Sadan,4,1
500,sq.ft.,6000000,Ready to move,19.20697,73.096559,Dombivli East,regency estate,12,2
550,sq.ft.,5500000,Ready to move,19.20697,73.096559,Dombivli East,Sai Baba CHS,4,2
690,sq.ft.,4300000,Ready to move,19.179273,73.075743,Dombivli East,Runwal My City,20,1
40902,sq.ft.,51000000,Ready to move,19.20697,73.096559,Dombivli East,Lodha Palava Casa Clara,14,1
695,sq.ft.,5000000,Ready to move,19.20697,73.096559,Dombivli East,Casa Rio Arabiana,8,2
584,sq.ft.,6100000,Ready to move,19.206131,73.096513,Dombivli East,Krishna Highlands,7,1
702,sq.ft.,7500000,Ready to move,19.168341,73.073962,Dombivli East,Lodha Palava City,14,2
893,sq.ft.,price on req,Ready To Move,19.20697,73.096559,Dombivli East,Lodha Palava City,18,1
530,sq.ft.,price on req,Ready To Move,19.20552,73.097133,Dombivli East,Om Sai Shanti CHS,4,2
687.5,sq.ft.,price on req,Ready To Move,19.168341,73.073962,Dombivli East,Lodha Palava City,14,1
520,sq.ft.,6000000,Ready to move,19.07598,72.87766,Dombivli East,Mrunal Om Sai Residency Mumbai,4,2
440,sq.ft.,price on req,Ready To Move,19.20697,73.096559,Dombivli East,Chandresh Shehnai Lodha Heritage,4,1
917.5,sq.ft.,9796430,Ready To Move,19.168341,73.073962,Dombivli East,Lodha Palava City,14,1
375,sq.ft.,2500000,Ready to move,19.168341,73.073962,Dombivli East,Lodha Palava City,14,2
584,sq.ft.,4300000,Ready to move,19.20877,73.094875,Ayodhya Nagari,Jupiter Plaza,3,1
528,sq.ft.,price on req,Ready To Move,19.179273,73.075743,Dombivli East,Runwal My City,32,3
693,sq.ft.,price on req,Ready To Move,19.179273,73.075743,Dombivli East,Runwal My City,29,2
715,sq.ft.,price on req,Ready To Move,19.179273,73.075743,Dombivli East,Runwal My City,32,1
1015,sq.ft.,price on req,Ready To Move,19.179273,73.075743,Dombivli East,Runwal My City,32,2
1230,sq.ft.,price on req,Ready To Move,19.179273,73.075743,Dombivli East,Runwal My City,32,3
475,sq.ft.,3200000,Ready to move,19.194771,73.090797,Dombivli East,Sanghvi Shankheshwar Nagar,7,1
406.85,sq.ft.,4741049,Ready To Move,19.225513,73.099685,thakurli,Shri Nav Varadvinayak Society,7,2
525,sq.ft.,price on req,Ready To Move,19.224358,73.108452,Kanchangoan,Sneha Residency,7,1
864,sq.ft.,price on req,Ready To Move,19.198294,73.084816,Nandivali Panchanand,Gowardhan Tower,7,2
703,sq.ft.,7641624.5,Ready To Move,19.20697,73.096559,Dombivli East,Casa Fontana,18,1
917.5,sq.ft.,9796430,Ready To Move,19.179273,73.075743,Dombivli East,Runwal My City,20,1
572.5,sq.ft.,price on req,Ready To Move,19.207191,73.098754,Dombivli East,Durga Apartment,4,1
715,sq.ft.,price on req,Ready To Move,19.211403,73.095137,Gograswadi,Panchratna Mahal Chs,3,1
1015,sq.ft.,price on req,Ready To Move,19.207473,73.099097,Dombivli East,Lodha Heaven Apartment,7,1
1230,sq.ft.,price on req,Ready To Move,19.216105,73.105534,Dombivli East,Ganesh Shraddha CHS,4,1
420,sq.ft.,5100000,Ready to move,19.200706,73.098635,Dombivli East,Lodha Casario,8,2
500,sq.ft.,3850000,Ready to move,19.22586,73.0974,thakurli,Om Residency,7,2
406.85,sq.ft.,4741049,Ready To Move,19.20697,73.096559,Dombivli East,Vijay Smruti CHS,4,1
760.97,sq.ft.,9546755.5,Ready To Move,19.18833885,73.08465287,Desale Pada,Mangal Murti Bldg,4,1
541.45,sq.ft.,8500000,Ready to move,19.2161427,73.0989616,Dombivli East,Lodha Palava Casa Rio Gold,8,1
406.85,sq.ft.,4741049,Ready To Move,19.208666,73.107237,MIDC,Milap Nagar,6,2
580.265,sq.ft.,6803589,Ready To Move,19.2071089,73.101212,Dombivli East,Rohit Shiv Kripa Residency,12,2
760.97,sq.ft.,9546755.5,Ready To Move,19.210405,73.102739,Dombivli East,Reliable Arcade,7,1
525,sq.ft.,2200000,Ready to move,19.211967,73.096415,Gograswadi,Vitthal plaza Gograswadi,5,1
